sequence,canonical_smiles,label
GGACAGCTGGCCGCGTAGCGAGACACGTACAAGGTACTATACGGCTGGCATATGTATCTG,Nc1c(S(=O)(=O)O)cc(Nc2ccc(Nc3nc(Cl)nc(Nc4ccccc4S(=O)(=O)O)n3)c(S(=O)(=O)O)c2)c2c1C(=O)c1ccccc1C2=O,0
GTATCACTGGGACAACTGGTGTGAAAGGTCGGAAGCAGACCTACACTCACAAGGGATGTG,Nc1c(S(=O)(=O)O)cc(Nc2ccc(Nc3nc(Cl)nc(Nc4ccccc4S(=O)(=O)O)n3)c(S(=O)(=O)O)c2)c2c1C(=O)c1ccccc1C2=O,0
GTGGGGACCTATATGGGTCGAGGCGGGAAAAGGGGGATTGCTACGGACCCGCTGAACATG,Nc1c(S(=O)(=O)O)cc(Nc2ccc(Nc3nc(Cl)nc(Nc4ccccc4S(=O)(=O)O)n3)c(S(=O)(=O)O)c2)c2c1C(=O)c1ccccc1C2=O,0
CGTACGGAATTCGCTAGCAGAGGGATGGTGTGGGTGGCTGCGGCTATAGGAGCGTACCGGATCCGAGCTCCACGTG,Nc1c(S(=O)(=O)O)cc(Nc2ccc(Nc3nc(Cl)nc(Nc4ccccc4S(=O)(=O)O)n3)c(S(=O)(=O)O)c2)c2c1C(=O)c1ccccc1C2=O,0
GGTAATACGACTCACTATAGGGAGATACCAGCTTATTCAATTTCGGTAATACTAGTTGGTCTTTCCCCGTTCCATTCTGTGGAGATAGTAAGTGCAATCT,Nc1c(S(=O)(=O)O)cc(Nc2ccc(Nc3nc(Cl)nc(Nc4ccccc4S(=O)(=O)O)n3)c(S(=O)(=O)O)c2)c2c1C(=O)c1ccccc1C2=O,1
GGTAATACGACTCACTATAGGGAGATACCAGCTTATTCAATTCGGATGCGGGTAATTGAATTAGTACGGTTTGCCTCTTGTGAGATAGTAAGTGCAATCT,Nc1c(S(=O)(=O)O)cc(Nc2ccc(Nc3nc(Cl)nc(Nc4ccccc4S(=O)(=O)O)n3)c(S(=O)(=O)O)c2)c2c1C(=O)c1ccccc1C2=O,1
GGTAATACGACTCACTATAGGGAGATACCAGCTTATTCAATTTGCTTGTAAAGTCGTCTCCCAGTGACGCCGTAGTCTTTCGAGATAGTAAGTGCAATCT,Nc1c(S(=O)(=O)O)cc(Nc2ccc(Nc3nc(Cl)nc(Nc4ccccc4S(=O)(=O)O)n3)c(S(=O)(=O)O)c2)c2c1C(=O)c1ccccc1C2=O,1
GGTAATACGACTCACTATAGGGAGATACCAGCTTATTCAATTGCCAACAATCTGTAAGCTCGTGAAGGTTTGCTAATATCCGAGATAGTAAGTGCAATCT,Nc1c(S(=O)(=O)O)cc(Nc2ccc(Nc3nc(Cl)nc(Nc4ccccc4S(=O)(=O)O)n3)c(S(=O)(=O)O)c2)c2c1C(=O)c1ccccc1C2=O,1
GGTAATACGACTCACTATAGGGAGATACCAGCTTATTCAATTCGGATGCGGGTAATTGAATTAGTGCGGTTTGCCCCTTGTGAGATAGTAAGTGCAATCT,Nc1c(S(=O)(=O)O)cc(Nc2ccc(Nc3nc(Cl)nc(Nc4ccccc4S(=O)(=O)O)n3)c(S(=O)(=O)O)c2)c2c1C(=O)c1ccccc1C2=O,1
GGTAATACGACTCACTATAGGGAGATACCAGCTTATTCAATTGGAATGACCTGGATTGACCCGTGAGTGTAGCATTTGTCCGAGATAGTAAGTGCAATCT,Nc1c(S(=O)(=O)O)cc(Nc2ccc(Nc3nc(Cl)nc(Nc4ccccc4S(=O)(=O)O)n3)c(S(=O)(=O)O)c2)c2c1C(=O)c1ccccc1C2=O,1
GGTAATACGACTCACTATAGGGAGATACCAGCTTATTCAATTTTACAGAACGACTAACGTCGCTCCGGGTACTTCTCCATCGAGATAGTAAGTGCAATCT,Nc1c(S(=O)(=O)O)cc(Nc2ccc(Nc3nc(Cl)nc(Nc4ccccc4S(=O)(=O)O)n3)c(S(=O)(=O)O)c2)c2c1C(=O)c1ccccc1C2=O,1
GGTAATACGACTCACTATAGGGAGATACCAGCTTATTCAATTCTTCTAGTAATTGGACTCTGCAGTAGAGCTGTCTAGGTGGAGATAGTAAGTGCAATCT,Nc1c(S(=O)(=O)O)cc(Nc2ccc(Nc3nc(Cl)nc(Nc4ccccc4S(=O)(=O)O)n3)c(S(=O)(=O)O)c2)c2c1C(=O)c1ccccc1C2=O,1
CGTACGGAATTCGCTAGCAGAGGGATGGTGTGGGTGGCTGCGGCTATAGGAGCGTACCGGATCCGAGCTCCACGTG,Nc1c(S(=O)(=O)O)cc(Nc2ccc(Nc3nc(Cl)nc(Nc4ccccc4S(=O)(=O)O)n3)c(S(=O)(=O)O)c2)c2c1C(=O)c1ccccc1C2=O,0
GGACAGCTGGCCGCGTAGCGAGACACGTACAAGGTACTATACGGCTGGCATATGTATCTG,Nc1c(S(=O)(=O)O)cc(Nc2ccc(Nc3nc(Cl)nc(Nc4ccccc4S(=O)(=O)O)n3)c(S(=O)(=O)O)c2)c2c1C(=O)c1ccccc1C2=O,0
GTATCACTGGGACAACTGGTGTGAAAGGTCGGAAGCAGACCTACACTCACAAGGGATGTG,Nc1c(S(=O)(=O)O)cc(Nc2ccc(Nc3nc(Cl)nc(Nc4ccccc4S(=O)(=O)O)n3)c(S(=O)(=O)O)c2)c2c1C(=O)c1ccccc1C2=O,0
GTGGGGACCTATATGGGTCGAGGCGGGAAAAGGGGGATTGCTACGGACCCGCTGAACATG,Nc1c(S(=O)(=O)O)cc(Nc2ccc(Nc3nc(Cl)nc(Nc4ccccc4S(=O)(=O)O)n3)c(S(=O)(=O)O)c2)c2c1C(=O)c1ccccc1C2=O,0
GGTAATACGACTCACTATAGGGAGATACCAGCTTATTCAATTTCGGTAATACTAGTTGGTCTTTCCCCGTTCCATTCTGTGGAGATAGTAAGTGCAATCT,Nc1c(S(=O)(=O)O)cc(Nc2ccc(Nc3nc(Cl)nc(Nc4ccccc4S(=O)(=O)O)n3)c(S(=O)(=O)O)c2)c2c1C(=O)c1ccccc1C2=O,1
GGTAATACGACTCACTATAGGGAGATACCAGCTTATTCAATTCGGATGCGGGTAATTGAATTAGTACGGTTTGCCTCTTGTGAGATAGTAAGTGCAATCT,Nc1c(S(=O)(=O)O)cc(Nc2ccc(Nc3nc(Cl)nc(Nc4ccccc4S(=O)(=O)O)n3)c(S(=O)(=O)O)c2)c2c1C(=O)c1ccccc1C2=O,1
GGTAATACGACTCACTATAGGGAGATACCAGCTTATTCAATTTGCTTGTAAAGTCGTCTCCCAGTGACGCCGTAGTCTTTCGAGATAGTAAGTGCAATCT,Nc1c(S(=O)(=O)O)cc(Nc2ccc(Nc3nc(Cl)nc(Nc4ccccc4S(=O)(=O)O)n3)c(S(=O)(=O)O)c2)c2c1C(=O)c1ccccc1C2=O,1
GGTAATACGACTCACTATAGGGAGATACCAGCTTATTCAATTGCCAACAATCTGTAAGCTCGTGAAGGTTTGCTAATATCCGAGATAGTAAGTGCAATCT,Nc1c(S(=O)(=O)O)cc(Nc2ccc(Nc3nc(Cl)nc(Nc4ccccc4S(=O)(=O)O)n3)c(S(=O)(=O)O)c2)c2c1C(=O)c1ccccc1C2=O,1
GGTAATACGACTCACTATAGGGAGATACCAGCTTATTCAATTCGGATGCGGGTAATTGAATTAGTGCGGTTTGCCCCTTGTGAGATAGTAAGTGCAATCT,Nc1c(S(=O)(=O)O)cc(Nc2ccc(Nc3nc(Cl)nc(Nc4ccccc4S(=O)(=O)O)n3)c(S(=O)(=O)O)c2)c2c1C(=O)c1ccccc1C2=O,1
GGTAATACGACTCACTATAGGGAGATACCAGCTTATTCAATTGGAATGACCTGGATTGACCCGTGAGTGTAGCATTTGTCCGAGATAGTAAGTGCAATCT,Nc1c(S(=O)(=O)O)cc(Nc2ccc(Nc3nc(Cl)nc(Nc4ccccc4S(=O)(=O)O)n3)c(S(=O)(=O)O)c2)c2c1C(=O)c1ccccc1C2=O,1
GGTAATACGACTCACTATAGGGAGATACCAGCTTATTCAATTTTACAGAACGACTAACGTCGCTCCGGGTACTTCTCCATCGAGATAGTAAGTGCAATCT,Nc1c(S(=O)(=O)O)cc(Nc2ccc(Nc3nc(Cl)nc(Nc4ccccc4S(=O)(=O)O)n3)c(S(=O)(=O)O)c2)c2c1C(=O)c1ccccc1C2=O,1
GGTAATACGACTCACTATAGGGAGATACCAGCTTATTCAATTCTTCTAGTAATTGGACTCTGCAGTAGAGCTGTCTAGGTGGAGATAGTAAGTGCAATCT,Nc1c(S(=O)(=O)O)cc(Nc2ccc(Nc3nc(Cl)nc(Nc4ccccc4S(=O)(=O)O)n3)c(S(=O)(=O)O)c2)c2c1C(=O)c1ccccc1C2=O,1
GGACAGCTGGCCGCGTAGCGAGACACGTACAAGGTACTATACGGCTGGCATATGTATCTG,Nc1c(S(=O)(=O)O)cc(Nc2ccc(Nc3nc(Cl)nc(Nc4ccccc4S(=O)(=O)O)n3)c(S(=O)(=O)O)c2)c2c1C(=O)c1ccccc1C2=O,1
ACACACCACAACGTAGTATGTAGACACATGCCGTGAGCTGTGTCTGGTTTGTCGTACCTG,Nc1c(S(=O)(=O)O)cc(Nc2ccc(Nc3nc(Cl)nc(Nc4ccccc4S(=O)(=O)O)n3)c(S(=O)(=O)O)c2)c2c1C(=O)c1ccccc1C2=O,1
GGGCGGGAAAGACGCAGACGCGAAGAAGATGCATAGTACGGGGTTAGACAGATAAGCCGT,Nc1c(S(=O)(=O)O)cc(Nc2ccc(Nc3nc(Cl)nc(Nc4ccccc4S(=O)(=O)O)n3)c(S(=O)(=O)O)c2)c2c1C(=O)c1ccccc1C2=O,1
AGGTCGACGAATAACGTAGCGTGCATCTAATGGTATAGTAGGTCGGCTCAAGGGGTTGTG,Nc1c(S(=O)(=O)O)cc(Nc2ccc(Nc3nc(Cl)nc(Nc4ccccc4S(=O)(=O)O)n3)c(S(=O)(=O)O)c2)c2c1C(=O)c1ccccc1C2=O,1
GTATCACTGGGACAACTGGTGTGAAAGGTCGGAAGCAGACCTACACTCACAAGGGATGTG,Nc1c(S(=O)(=O)O)cc(Nc2ccc(Nc3nc(Cl)nc(Nc4ccccc4S(=O)(=O)O)n3)c(S(=O)(=O)O)c2)c2c1C(=O)c1ccccc1C2=O,1
GTGGGGACCTATATGGGTCGAGGCGGGAAAAGGGGGATTGCTACGGACCCGCTGAACATG,Nc1c(S(=O)(=O)O)cc(Nc2ccc(Nc3nc(Cl)nc(Nc4ccccc4S(=O)(=O)O)n3)c(S(=O)(=O)O)c2)c2c1C(=O)c1ccccc1C2=O,1
CGTACGGAATTCGCTAGCGCCCATCCTGTTGGTGTGGTATGTGTGTTGTGCCCTCGGATCCGAGCTCCACGTG,Nc1c(S(=O)(=O)O)cc(Nc2ccc(Nc3nc(Cl)nc(Nc4ccccc4S(=O)(=O)O)n3)c(S(=O)(=O)O)c2)c2c1C(=O)c1ccccc1C2=O,0
CGTACGGAATTCGCTAGCAGGGGTCCTGGGTGGGATGTATGCAGATGGGGACAGTACCGGATCCGAGCTCCACGTG,Nc1c(S(=O)(=O)O)cc(Nc2ccc(Nc3nc(Cl)nc(Nc4ccccc4S(=O)(=O)O)n3)c(S(=O)(=O)O)c2)c2c1C(=O)c1ccccc1C2=O,0
CGTACGGAATTCGCTAGCAGTGTACACAGACCAAACCATCGCCCAAATGTCAGACCTCGGATCCGAGCTCCACGTG,Nc1c(S(=O)(=O)O)cc(Nc2ccc(Nc3nc(Cl)nc(Nc4ccccc4S(=O)(=O)O)n3)c(S(=O)(=O)O)c2)c2c1C(=O)c1ccccc1C2=O,0
CGTACGGAATTCGCTAGCTGCGAAGGGGGGGTATACAGTGTGGGTAGTCATGGGCGGGATCCGAGCTCCACGTG,Nc1c(S(=O)(=O)O)cc(Nc2ccc(Nc3nc(Cl)nc(Nc4ccccc4S(=O)(=O)O)n3)c(S(=O)(=O)O)c2)c2c1C(=O)c1ccccc1C2=O,0
CGTACGGAATTCGCTAGCAGGAGTTGGGTATGGGTGGGATATCCTCATACGAGGCTGGGATCCGAGCTCCACGTG,Nc1c(S(=O)(=O)O)cc(Nc2ccc(Nc3nc(Cl)nc(Nc4ccccc4S(=O)(=O)O)n3)c(S(=O)(=O)O)c2)c2c1C(=O)c1ccccc1C2=O,0
CGTACGGAATTCGCTAGCAGAGGGATGGTGTGGGTGGCTGCGGCTATAGGAGCGTACCGGATCCGAGCTCCACGTG,Nc1c(S(=O)(=O)O)cc(Nc2ccc(Nc3nc(Cl)nc(Nc4ccccc4S(=O)(=O)O)n3)c(S(=O)(=O)O)c2)c2c1C(=O)c1ccccc1C2=O,0
CGTACGGAATTCGCTAGCTAGGCTCGTCGGGTGGTGGGGGGGGACTGTGGGTAGTTAGGATCCGAGCTCCACGTG,Nc1c(S(=O)(=O)O)cc(Nc2ccc(Nc3nc(Cl)nc(Nc4ccccc4S(=O)(=O)O)n3)c(S(=O)(=O)O)c2)c2c1C(=O)c1ccccc1C2=O,0
CGTACGGAATTCGCTAGCAACATCCACCCATATACACTACACCTTGCGCCCATATACAGGATCCGAGCTCCACGTG,Nc1c(S(=O)(=O)O)cc(Nc2ccc(Nc3nc(Cl)nc(Nc4ccccc4S(=O)(=O)O)n3)c(S(=O)(=O)O)c2)c2c1C(=O)c1ccccc1C2=O,0
CGTACGGAATTCGCTAGCTGGGGTTGGGTTGGGATGGCTGTGGTGTGTGTATAGTAATGGATCCGAGCTCCACGTG,Nc1c(S(=O)(=O)O)cc(Nc2ccc(Nc3nc(Cl)nc(Nc4ccccc4S(=O)(=O)O)n3)c(S(=O)(=O)O)c2)c2c1C(=O)c1ccccc1C2=O,0
CGTACGGAATTCGCTAGCACATGACAACATACCGGTCGAACGTCGCACATCCGCACCAGGATCCGAGCTCCACGTG,Nc1c(S(=O)(=O)O)cc(Nc2ccc(Nc3nc(Cl)nc(Nc4ccccc4S(=O)(=O)O)n3)c(S(=O)(=O)O)c2)c2c1C(=O)c1ccccc1C2=O,0
CGTACGGAATTCGCTAGCATATGGAGGGGCGGGCTGGGCTATGACGAAGCGCAGAATGGGATCCGAGCTCCACGTG,Nc1c(S(=O)(=O)O)cc(Nc2ccc(Nc3nc(Cl)nc(Nc4ccccc4S(=O)(=O)O)n3)c(S(=O)(=O)O)c2)c2c1C(=O)c1ccccc1C2=O,0
CGTACGGAATTCGCTAGCTGGGTAGTATGAAGGGTGGGTGGTGGGTAGAGTCTGTCTGGGATCCGAGCTCCACGTG,Nc1c(S(=O)(=O)O)cc(Nc2ccc(Nc3nc(Cl)nc(Nc4ccccc4S(=O)(=O)O)n3)c(S(=O)(=O)O)c2)c2c1C(=O)c1ccccc1C2=O,0
CGTACGGAATTCGCTAGCAACACCATATCCCATGCCCGCCTCCATGTGCTCTCTATCCGGATCCGAGCTCCACGTG,Nc1c(S(=O)(=O)O)cc(Nc2ccc(Nc3nc(Cl)nc(Nc4ccccc4S(=O)(=O)O)n3)c(S(=O)(=O)O)c2)c2c1C(=O)c1ccccc1C2=O,0
CGTACGGAATTCGCTAGCCATAGTGCGGGGGTAGGGGTTGGGGGGGGTGCCGAGTACAGGATCCGAGCTCCACGTG,Nc1c(S(=O)(=O)O)cc(Nc2ccc(Nc3nc(Cl)nc(Nc4ccccc4S(=O)(=O)O)n3)c(S(=O)(=O)O)c2)c2c1C(=O)c1ccccc1C2=O,0
CGTACGGAATTCGCTAGCTGTGGGTGGTGGGGGGGTGTGATGGTAGAACGAGATGCTAGGATCCGAGCTCCACGTG,Nc1c(S(=O)(=O)O)cc(Nc2ccc(Nc3nc(Cl)nc(Nc4ccccc4S(=O)(=O)O)n3)c(S(=O)(=O)O)c2)c2c1C(=O)c1ccccc1C2=O,0
CGTACGGAATTCGCTAGCCAGCAATGCATGCAGACAAGACCGTCCCAGACCGTGCCCAGGATCCGAGCTCCACGTG,Nc1c(S(=O)(=O)O)cc(Nc2ccc(Nc3nc(Cl)nc(Nc4ccccc4S(=O)(=O)O)n3)c(S(=O)(=O)O)c2)c2c1C(=O)c1ccccc1C2=O,0
CGTACGGAATTCGCTAGCCGTGGTCGACGGGAGGGGGAGGTGGGTGGTGGTATGAGTGGGATCCGAGCTCCACGTG,Nc1c(S(=O)(=O)O)cc(Nc2ccc(Nc3nc(Cl)nc(Nc4ccccc4S(=O)(=O)O)n3)c(S(=O)(=O)O)c2)c2c1C(=O)c1ccccc1C2=O,0
CGTACGGAATTCGCTAGCTCGAGGTGGGTGGGGGGGGTATGTGGTGCAGCCAAGCAACGGATCCGAGCTCCACGTG,Nc1c(S(=O)(=O)O)cc(Nc2ccc(Nc3nc(Cl)nc(Nc4ccccc4S(=O)(=O)O)n3)c(S(=O)(=O)O)c2)c2c1C(=O)c1ccccc1C2=O,0
CGTACGGAATTCGCTAGCGGTGGTGGGGGCTATCCGAGGAGGGTGGTCTGGCGGTTGTGGATCCGAGCTCCACGTG,Nc1c(S(=O)(=O)O)cc(Nc2ccc(Nc3nc(Cl)nc(Nc4ccccc4S(=O)(=O)O)n3)c(S(=O)(=O)O)c2)c2c1C(=O)c1ccccc1C2=O,0
CGTACGGAATTCGCTAGCTGTCGCTTACTCTCTGTGGAGTCTCTGGGTGGATCCGAGCTCCACGTG,Nc1c(S(=O)(=O)O)cc(Nc2ccc(Nc3nc(Cl)nc(Nc4ccccc4S(=O)(=O)O)n3)c(S(=O)(=O)O)c2)c2c1C(=O)c1ccccc1C2=O,0
CGTACGGAATTCGCTAGCTGGTGGGGGCGGGGTGGGGTGGAAAAGTAACGTGCAGTTAGGATCCGAGCTCCACGTG,Nc1c(S(=O)(=O)O)cc(Nc2ccc(Nc3nc(Cl)nc(Nc4ccccc4S(=O)(=O)O)n3)c(S(=O)(=O)O)c2)c2c1C(=O)c1ccccc1C2=O,0
CGTACGGAATTCGCTAGCTGTGGGTGGAGGGGCCGGGGATGGATGGTGATACGTAATGGGATCCGAGCTCCACGTG,Nc1c(S(=O)(=O)O)cc(Nc2ccc(Nc3nc(Cl)nc(Nc4ccccc4S(=O)(=O)O)n3)c(S(=O)(=O)O)c2)c2c1C(=O)c1ccccc1C2=O,0
CGTACGGAATTCGCTAGCATCGTACGCACACACATGGCATAATCATACACATACAACCGGATCCGAGCTCCACGTG,Nc1c(S(=O)(=O)O)cc(Nc2ccc(Nc3nc(Cl)nc(Nc4ccccc4S(=O)(=O)O)n3)c(S(=O)(=O)O)c2)c2c1C(=O)c1ccccc1C2=O,0
CGTACGGAATTCGCTAGCTGGCATACATGTGCTACCTACGCCTACTGATTATAGACTCGGATCCGAGCTCCACGTG,Nc1c(S(=O)(=O)O)cc(Nc2ccc(Nc3nc(Cl)nc(Nc4ccccc4S(=O)(=O)O)n3)c(S(=O)(=O)O)c2)c2c1C(=O)c1ccccc1C2=O,0
CGTACGGAATTCGCTAGCTAAACAATAACAACCGACCGACTGAACGCCACCCCGAGTAGGATCCGAGCTCCACGTG,Nc1c(S(=O)(=O)O)cc(Nc2ccc(Nc3nc(Cl)nc(Nc4ccccc4S(=O)(=O)O)n3)c(S(=O)(=O)O)c2)c2c1C(=O)c1ccccc1C2=O,0
GGTAATACGACTCACTATAGGGAGATACCAGCTTATTCAATTTCGGTAATACTAGTTGGTCTTTCCCCGTTCCATTCTGTGGAGATAGTAAGTGCAATCT,Nc1c(S(=O)(=O)O)cc(Nc2ccc(Nc3nc(Cl)nc(Nc4ccccc4S(=O)(=O)O)n3)c(S(=O)(=O)O)c2)c2c1C(=O)c1ccccc1C2=O,1
GGTAATACGACTCACTATAGGGAGATACCAGCTTATTCAATTCGGATGCGGGTAATTGAATTAGTACGGTTTGCCTCTTGTGAGATAGTAAGTGCAATCT,Nc1c(S(=O)(=O)O)cc(Nc2ccc(Nc3nc(Cl)nc(Nc4ccccc4S(=O)(=O)O)n3)c(S(=O)(=O)O)c2)c2c1C(=O)c1ccccc1C2=O,1
GGTAATACGACTCACTATAGGGAGATACCAGCTTATTCAATTTGCTTGTAAAGTCGTCTCCCAGTGACGCCGTAGTCTTTCGAGATAGTAAGTGCAATCT,Nc1c(S(=O)(=O)O)cc(Nc2ccc(Nc3nc(Cl)nc(Nc4ccccc4S(=O)(=O)O)n3)c(S(=O)(=O)O)c2)c2c1C(=O)c1ccccc1C2=O,1
GGTAATACGACTCACTATAGGGAGATACCAGCTTATTCAATTGCCAACAATCTGTAAGCTCGTGAAGGTTTGCTAATATCCGAGATAGTAAGTGCAATCT,Nc1c(S(=O)(=O)O)cc(Nc2ccc(Nc3nc(Cl)nc(Nc4ccccc4S(=O)(=O)O)n3)c(S(=O)(=O)O)c2)c2c1C(=O)c1ccccc1C2=O,1
GGTAATACGACTCACTATAGGGAGATACCAGCTTATTCAATTCGGATGCGGGTAATTGAATTAGTGCGGTTTGCCCCTTGTGAGATAGTAAGTGCAATCT,Nc1c(S(=O)(=O)O)cc(Nc2ccc(Nc3nc(Cl)nc(Nc4ccccc4S(=O)(=O)O)n3)c(S(=O)(=O)O)c2)c2c1C(=O)c1ccccc1C2=O,1
GGTAATACGACTCACTATAGGGAGATACCAGCTTATTCAATTGGAATGACCTGGATTGACCCGTGAGTGTAGCATTTGTCCGAGATAGTAAGTGCAATCT,Nc1c(S(=O)(=O)O)cc(Nc2ccc(Nc3nc(Cl)nc(Nc4ccccc4S(=O)(=O)O)n3)c(S(=O)(=O)O)c2)c2c1C(=O)c1ccccc1C2=O,1
GGTAATACGACTCACTATAGGGAGATACCAGCTTATTCAATTTTACAGAACGACTAACGTCGCTCCGGGTACTTCTCCATCGAGATAGTAAGTGCAATCT,Nc1c(S(=O)(=O)O)cc(Nc2ccc(Nc3nc(Cl)nc(Nc4ccccc4S(=O)(=O)O)n3)c(S(=O)(=O)O)c2)c2c1C(=O)c1ccccc1C2=O,1
GGTAATACGACTCACTATAGGGAGATACCAGCTTATTCAATTCTTCTAGTAATTGGACTCTGCAGTAGAGCTGTCTAGGTGGAGATAGTAAGTGCAATCT,Nc1c(S(=O)(=O)O)cc(Nc2ccc(Nc3nc(Cl)nc(Nc4ccccc4S(=O)(=O)O)n3)c(S(=O)(=O)O)c2)c2c1C(=O)c1ccccc1C2=O,1
