sequence,canonical_smiles,proba,label,origin,source
TTTTCCCCGGGGAAAATTTTCCCCGGGGAAAA,Nc1c(S(=O)(=O)O)cc(Nc2ccc(Nc3nc(Cl)nc(Nc4ccccc4S(=O)(=O)O)n3)c(S(=O)(=O)O)c2)c2c1C(=O)c1ccccc1C2=O,0.9995486223416203,1,LLM_generated,Gemini_AptaBench
GCGCGCGCGCGCGGGGTTTTCCCCGCGCGCGC,Nc1c(S(=O)(=O)O)cc(Nc2ccc(Nc3nc(Cl)nc(Nc4ccccc4S(=O)(=O)O)n3)c(S(=O)(=O)O)c2)c2c1C(=O)c1ccccc1C2=O,0.999414841459582,1,LLM_generated,Gemini_AptaBench
ACGTACGTGGGGGGCCCCCCACGTACGTACGT,Nc1c(S(=O)(=O)O)cc(Nc2ccc(Nc3nc(Cl)nc(Nc4ccccc4S(=O)(=O)O)n3)c(S(=O)(=O)O)c2)c2c1C(=O)c1ccccc1C2=O,0.9993044595918533,1,LLM_generated,Gemini_AptaBench
ACGTACGTACGTGGGGTTTTCCCCACGTACGT,Nc1c(S(=O)(=O)O)cc(Nc2ccc(Nc3nc(Cl)nc(Nc4ccccc4S(=O)(=O)O)n3)c(S(=O)(=O)O)c2)c2c1C(=O)c1ccccc1C2=O,0.9992372426619965,1,LLM_generated,Gemini_AptaBench
CCGGCCGGGGGGTTTTCCCCGGCCGGCCGG,Nc1c(S(=O)(=O)O)cc(Nc2ccc(Nc3nc(Cl)nc(Nc4ccccc4S(=O)(=O)O)n3)c(S(=O)(=O)O)c2)c2c1C(=O)c1ccccc1C2=O,0.998890832369685,1,LLM_generated,Gemini_AptaBench
GGGUGGGUAGGGUGGGUGGGUAGGGUAGGGUAGGGU,Nc1c(S(=O)(=O)O)cc(Nc2ccc(Nc3nc(Cl)nc(Nc4ccccc4S(=O)(=O)O)n3)c(S(=O)(=O)O)c2)c2c1C(=O)c1ccccc1C2=O,0.9986274077881783,1,LLM_generated,Gemini_AptaBench
TTTTGGGGTTTTGGGGTTTTGGGGTTTTGGGG,Nc1c(S(=O)(=O)O)cc(Nc2ccc(Nc3nc(Cl)nc(Nc4ccccc4S(=O)(=O)O)n3)c(S(=O)(=O)O)c2)c2c1C(=O)c1ccccc1C2=O,0.9984313909248397,1,LLM_generated,Gemini_AptaBench
TTTTGGGGCCCCAAAATTTTGGGGCCCCAAAA,Nc1c(S(=O)(=O)O)cc(Nc2ccc(Nc3nc(Cl)nc(Nc4ccccc4S(=O)(=O)O)n3)c(S(=O)(=O)O)c2)c2c1C(=O)c1ccccc1C2=O,0.998403234683576,1,LLM_generated,Gemini_AptaBench
GGGCGGGCGGGCGGGCGGGCGGGCGGGCGGGC,Nc1c(S(=O)(=O)O)cc(Nc2ccc(Nc3nc(Cl)nc(Nc4ccccc4S(=O)(=O)O)n3)c(S(=O)(=O)O)c2)c2c1C(=O)c1ccccc1C2=O,0.9982596524050799,1,LLM_generated,Gemini_AptaBench
GGGTGGGTGGGTGGGTGGGTAGGTAGGTAGGT,Nc1c(S(=O)(=O)O)cc(Nc2ccc(Nc3nc(Cl)nc(Nc4ccccc4S(=O)(=O)O)n3)c(S(=O)(=O)O)c2)c2c1C(=O)c1ccccc1C2=O,0.9980017696793085,1,LLM_generated,Gemini_AptaBench
GGGTGGGGGTGGGGGTGGGGGTGGGGGTGGGG,Nc1c(S(=O)(=O)O)cc(Nc2ccc(Nc3nc(Cl)nc(Nc4ccccc4S(=O)(=O)O)n3)c(S(=O)(=O)O)c2)c2c1C(=O)c1ccccc1C2=O,0.9974844113873856,1,LLM_generated,Gemini_AptaBench
GGGTCGGGTGGGTCGGGTGGGTCGGGTGGGT,Nc1c(S(=O)(=O)O)cc(Nc2ccc(Nc3nc(Cl)nc(Nc4ccccc4S(=O)(=O)O)n3)c(S(=O)(=O)O)c2)c2c1C(=O)c1ccccc1C2=O,0.9971743659089436,1,LLM_generated,Gemini_AptaBench
TGAGGGGTGGGTGGGTGGGTGGGTGGGTGGGTGGGT,Nc1c(S(=O)(=O)O)cc(Nc2ccc(Nc3nc(Cl)nc(Nc4ccccc4S(=O)(=O)O)n3)c(S(=O)(=O)O)c2)c2c1C(=O)c1ccccc1C2=O,0.9970300759174681,1,LLM_generated,Gemini_AptaBench
CGCGCGCGCGGGGTTTTCCCCGCGCGCGCG,Nc1c(S(=O)(=O)O)cc(Nc2ccc(Nc3nc(Cl)nc(Nc4ccccc4S(=O)(=O)O)n3)c(S(=O)(=O)O)c2)c2c1C(=O)c1ccccc1C2=O,0.9969702127596256,1,LLM_generated,Gemini_AptaBench
GGGAGAGGAGGGAGAGGAGGGAGAGGAGGGAGA,Nc1c(S(=O)(=O)O)cc(Nc2ccc(Nc3nc(Cl)nc(Nc4ccccc4S(=O)(=O)O)n3)c(S(=O)(=O)O)c2)c2c1C(=O)c1ccccc1C2=O,0.9966603083622233,1,LLM_generated,Gemini_AptaBench
GGGTCGGGTGGGTGGGTGGGTGGGTGGGTGGG,Nc1c(S(=O)(=O)O)cc(Nc2ccc(Nc3nc(Cl)nc(Nc4ccccc4S(=O)(=O)O)n3)c(S(=O)(=O)O)c2)c2c1C(=O)c1ccccc1C2=O,0.9966395088423603,1,LLM_generated,Gemini_AptaBench
ATGCATGCGGGGCCCCATGCATGCGGGGCCCC,Nc1c(S(=O)(=O)O)cc(Nc2ccc(Nc3nc(Cl)nc(Nc4ccccc4S(=O)(=O)O)n3)c(S(=O)(=O)O)c2)c2c1C(=O)c1ccccc1C2=O,0.9931827183679726,1,LLM_generated,Gemini_AptaBench
CGCGCGCGGGGTTTTTTTTCCCCGCGCGCG,Nc1c(S(=O)(=O)O)cc(Nc2ccc(Nc3nc(Cl)nc(Nc4ccccc4S(=O)(=O)O)n3)c(S(=O)(=O)O)c2)c2c1C(=O)c1ccccc1C2=O,0.9930979003655722,1,LLM_generated,Gemini_AptaBench
GGGTTTGGGTTTGGGTTTGGGTTTGGGTTTGGG,Nc1c(S(=O)(=O)O)cc(Nc2ccc(Nc3nc(Cl)nc(Nc4ccccc4S(=O)(=O)O)n3)c(S(=O)(=O)O)c2)c2c1C(=O)c1ccccc1C2=O,0.9926592551200052,1,LLM_generated,Gemini_AptaBench
GGGAAGGGAAGAAACUGCGGCUUCGGCCGGCUUCCC,Nc1c(S(=O)(=O)O)cc(Nc2ccc(Nc3nc(Cl)nc(Nc4ccccc4S(=O)(=O)O)n3)c(S(=O)(=O)O)c2)c2c1C(=O)c1ccccc1C2=O,0.9920620241465857,1,LLM_generated,Gemini_AptaBench
ACACGTCGACGGTACCGGTCGATCGGTCGATGGCAGCGC,Nc1c(S(=O)(=O)O)cc(Nc2ccc(Nc3nc(Cl)nc(Nc4ccccc4S(=O)(=O)O)n3)c(S(=O)(=O)O)c2)c2c1C(=O)c1ccccc1C2=O,0.9920378453200507,1,LLM_generated,Gemini_AptaBench
GGGAAUGGCAUGCUAAUUCGCGCGCGCUAAUU,Nc1c(S(=O)(=O)O)cc(Nc2ccc(Nc3nc(Cl)nc(Nc4ccccc4S(=O)(=O)O)n3)c(S(=O)(=O)O)c2)c2c1C(=O)c1ccccc1C2=O,0.9914720350034516,1,LLM_generated,Gemini_AptaBench
ATCGATCGGGGGTTTTTCCCCCAAAAAAATCGATCG,Nc1c(S(=O)(=O)O)cc(Nc2ccc(Nc3nc(Cl)nc(Nc4ccccc4S(=O)(=O)O)n3)c(S(=O)(=O)O)c2)c2c1C(=O)c1ccccc1C2=O,0.9910555677607591,1,LLM_generated,Gemini_AptaBench
GGTGGTGGGTGGTGGTGGGTGGTGGTGGGTGG,Nc1c(S(=O)(=O)O)cc(Nc2ccc(Nc3nc(Cl)nc(Nc4ccccc4S(=O)(=O)O)n3)c(S(=O)(=O)O)c2)c2c1C(=O)c1ccccc1C2=O,0.9909118045040233,1,LLM_generated,Gemini_AptaBench
GGGAAUGGAGCUCCAUAGCUAGCUAGCUAGCCGUCGAUGCA,Nc1c(S(=O)(=O)O)cc(Nc2ccc(Nc3nc(Cl)nc(Nc4ccccc4S(=O)(=O)O)n3)c(S(=O)(=O)O)c2)c2c1C(=O)c1ccccc1C2=O,0.9904642520073822,1,LLM_generated,Gemini_AptaBench
TGGGGGTGGGGGTGGGGGTGGGGGTGGGGG,Nc1c(S(=O)(=O)O)cc(Nc2ccc(Nc3nc(Cl)nc(Nc4ccccc4S(=O)(=O)O)n3)c(S(=O)(=O)O)c2)c2c1C(=O)c1ccccc1C2=O,0.9894283584086754,1,LLM_generated,Gemini_AptaBench
CCGGCCGGCCGGCCGGGGGGGGGGCCGGCCGGCCGG,Nc1c(S(=O)(=O)O)cc(Nc2ccc(Nc3nc(Cl)nc(Nc4ccccc4S(=O)(=O)O)n3)c(S(=O)(=O)O)c2)c2c1C(=O)c1ccccc1C2=O,0.9889328254460402,1,LLM_generated,Gemini_AptaBench
GGGACCGGGACCGGGACCGGGACCGGGACCGG,Nc1c(S(=O)(=O)O)cc(Nc2ccc(Nc3nc(Cl)nc(Nc4ccccc4S(=O)(=O)O)n3)c(S(=O)(=O)O)c2)c2c1C(=O)c1ccccc1C2=O,0.988749901274668,1,LLM_generated,Gemini_AptaBench
ATGCGTACGTAGCTAGCTAGCTGATCGATCGATC,Nc1c(S(=O)(=O)O)cc(Nc2ccc(Nc3nc(Cl)nc(Nc4ccccc4S(=O)(=O)O)n3)c(S(=O)(=O)O)c2)c2c1C(=O)c1ccccc1C2=O,0.9827564381879293,1,LLM_generated,Gemini_AptaBench
ATGCATGCATGCGGGGAAAAACCCCCATGCATGC,Nc1c(S(=O)(=O)O)cc(Nc2ccc(Nc3nc(Cl)nc(Nc4ccccc4S(=O)(=O)O)n3)c(S(=O)(=O)O)c2)c2c1C(=O)c1ccccc1C2=O,0.9806160161243395,1,LLM_generated,Gemini_AptaBench
TGTGTGTGGGGGGTTTTTTTCCCCCCACACAC,Nc1c(S(=O)(=O)O)cc(Nc2ccc(Nc3nc(Cl)nc(Nc4ccccc4S(=O)(=O)O)n3)c(S(=O)(=O)O)c2)c2c1C(=O)c1ccccc1C2=O,0.9767867697759037,1,LLM_generated,Gemini_AptaBench
GGGAUCCCCCUUUUAAGGGGGAAAAACCCC,Nc1c(S(=O)(=O)O)cc(Nc2ccc(Nc3nc(Cl)nc(Nc4ccccc4S(=O)(=O)O)n3)c(S(=O)(=O)O)c2)c2c1C(=O)c1ccccc1C2=O,0.9720150843484898,1,LLM_generated,Gemini_AptaBench
GGGACGGGGACGGGGACGGGGACGGGGACGGG,Nc1c(S(=O)(=O)O)cc(Nc2ccc(Nc3nc(Cl)nc(Nc4ccccc4S(=O)(=O)O)n3)c(S(=O)(=O)O)c2)c2c1C(=O)c1ccccc1C2=O,0.9704343533995451,1,LLM_generated,Gemini_AptaBench
TGTGTGTGTGTGGGGGGCCCCCCCCCATATAT,Nc1c(S(=O)(=O)O)cc(Nc2ccc(Nc3nc(Cl)nc(Nc4ccccc4S(=O)(=O)O)n3)c(S(=O)(=O)O)c2)c2c1C(=O)c1ccccc1C2=O,0.9677927245760074,1,LLM_generated,Gemini_AptaBench
TAGGGTAGGGTAGGGTAGGGTAGGGTAGGGTA,Nc1c(S(=O)(=O)O)cc(Nc2ccc(Nc3nc(Cl)nc(Nc4ccccc4S(=O)(=O)O)n3)c(S(=O)(=O)O)c2)c2c1C(=O)c1ccccc1C2=O,0.963701612956232,1,LLM_generated,Gemini_AptaBench
GGGAUUCGCGCGCGCGCGCGCGCGCGCGCU,Nc1c(S(=O)(=O)O)cc(Nc2ccc(Nc3nc(Cl)nc(Nc4ccccc4S(=O)(=O)O)n3)c(S(=O)(=O)O)c2)c2c1C(=O)c1ccccc1C2=O,0.9189120357149041,1,LLM_generated,Gemini_AptaBench
GGGAGACUCGAGUAGCUAGCUAGCUAGCUUCGAGUCUCC,Nc1c(S(=O)(=O)O)cc(Nc2ccc(Nc3nc(Cl)nc(Nc4ccccc4S(=O)(=O)O)n3)c(S(=O)(=O)O)c2)c2c1C(=O)c1ccccc1C2=O,0.8787834332314572,1,LLM_generated,Gemini_AptaBench
GGGAAUUUCCCGGGAAUUUCCCGGGAAUUUCCC,Nc1c(S(=O)(=O)O)cc(Nc2ccc(Nc3nc(Cl)nc(Nc4ccccc4S(=O)(=O)O)n3)c(S(=O)(=O)O)c2)c2c1C(=O)c1ccccc1C2=O,0.8558406577176902,1,LLM_generated,Gemini_AptaBench
GGGAUUCGUCGUCGUCGUCGUCGUCGUCGAAU,Nc1c(S(=O)(=O)O)cc(Nc2ccc(Nc3nc(Cl)nc(Nc4ccccc4S(=O)(=O)O)n3)c(S(=O)(=O)O)c2)c2c1C(=O)c1ccccc1C2=O,0.8517206871636995,1,LLM_generated,Gemini_AptaBench
GGGAAUUCCGGCUAGCUAGCUAGCCGGAAUU,Nc1c(S(=O)(=O)O)cc(Nc2ccc(Nc3nc(Cl)nc(Nc4ccccc4S(=O)(=O)O)n3)c(S(=O)(=O)O)c2)c2c1C(=O)c1ccccc1C2=O,0.8081275087491893,1,LLM_generated,Gemini_AptaBench
GGGAGGACGAUGCGGUCGUCGUCGUCGUCGCU,Nc1c(S(=O)(=O)O)cc(Nc2ccc(Nc3nc(Cl)nc(Nc4ccccc4S(=O)(=O)O)n3)c(S(=O)(=O)O)c2)c2c1C(=O)c1ccccc1C2=O,0.7798952646723888,1,LLM_generated,Gemini_AptaBench
TATATATAGGGGTTTTCCCCATATATATATA,Nc1c(S(=O)(=O)O)cc(Nc2ccc(Nc3nc(Cl)nc(Nc4ccccc4S(=O)(=O)O)n3)c(S(=O)(=O)O)c2)c2c1C(=O)c1ccccc1C2=O,0.7796755002247078,1,LLM_generated,Gemini_AptaBench
GGGAGGACGAUGCGGGCUAGCUAGCUAGCCGC,Nc1c(S(=O)(=O)O)cc(Nc2ccc(Nc3nc(Cl)nc(Nc4ccccc4S(=O)(=O)O)n3)c(S(=O)(=O)O)c2)c2c1C(=O)c1ccccc1C2=O,0.7748358058809076,1,LLM_generated,Gemini_AptaBench
CGTGCGTGCGTGCGTGCGTGCGTGCGTGCGTG,Nc1c(S(=O)(=O)O)cc(Nc2ccc(Nc3nc(Cl)nc(Nc4ccccc4S(=O)(=O)O)n3)c(S(=O)(=O)O)c2)c2c1C(=O)c1ccccc1C2=O,0.7245562849385349,1,LLM_generated,Gemini_AptaBench
TATATATATAGGGGGCCCCCTATATATATA,Nc1c(S(=O)(=O)O)cc(Nc2ccc(Nc3nc(Cl)nc(Nc4ccccc4S(=O)(=O)O)n3)c(S(=O)(=O)O)c2)c2c1C(=O)c1ccccc1C2=O,0.7119902875399566,1,LLM_generated,Gemini_AptaBench
GGGAAUUACCGGCUAGCUAGCUAGCCGGUAAUU,Nc1c(S(=O)(=O)O)cc(Nc2ccc(Nc3nc(Cl)nc(Nc4ccccc4S(=O)(=O)O)n3)c(S(=O)(=O)O)c2)c2c1C(=O)c1ccccc1C2=O,0.604378097252876,1,LLM_generated,Gemini_AptaBench
GGGAAUUUGCGCGCGCUUAAGGGAAUUUGCGC,Nc1c(S(=O)(=O)O)cc(Nc2ccc(Nc3nc(Cl)nc(Nc4ccccc4S(=O)(=O)O)n3)c(S(=O)(=O)O)c2)c2c1C(=O)c1ccccc1C2=O,0.5879273580653384,1,LLM_generated,Gemini_AptaBench
GGGAGACUCCUAAUGGCUAUAUGGCUUAUCGAA,Nc1c(S(=O)(=O)O)cc(Nc2ccc(Nc3nc(Cl)nc(Nc4ccccc4S(=O)(=O)O)n3)c(S(=O)(=O)O)c2)c2c1C(=O)c1ccccc1C2=O,0.42819051605496666,0,LLM_generated,Gemini_AptaBench
GGGAGAATTCCCGCGGCAGAAGCCCACCTGGCTTTGAACTCTATGTTATT,Nc1c(S(=O)(=O)O)cc(Nc2ccc(Nc3nc(Cl)nc(Nc4ccccc4S(=O)(=O)O)n3)c(S(=O)(=O)O)c2)c2c1C(=O)c1ccccc1C2=O,0.02767841932480461,0,LLM_generated,Gemini_AptaBench
GGGAGAATTCCCGCGGCAGAAGCCCACCTGGCTTTGAACTCTATGTTATTGGGTGGGGGAAACTTAAGAAAACTACCACCCTTCAACATTACCGCCCTTCAGCCTGCCAGCGCCCTGCAGCCCGGGAAGCTT,Nc1c(S(=O)(=O)O)cc(Nc2ccc(Nc3nc(Cl)nc(Nc4ccccc4S(=O)(=O)O)n3)c(S(=O)(=O)O)c2)c2c1C(=O)c1ccccc1C2=O,0.004821899452700503,0,LLM_generated,Gemini_AptaBench
GGGTGGGCGGGTGGGCGGGTGGGC,Nc1c(S(=O)(=O)O)cc(Nc2ccc(Nc3nc(Cl)nc(Nc4ccccc4S(=O)(=O)O)n3)c(S(=O)(=O)O)c2)c2c1C(=O)c1ccccc1C2=O,0.9992955079494047,1,LLM_generated,Gemini_AptaBench
UGGGAGGGAGGGAGGGAGGGAGGGAGGGAU,Nc1c(S(=O)(=O)O)cc(Nc2ccc(Nc3nc(Cl)nc(Nc4ccccc4S(=O)(=O)O)n3)c(S(=O)(=O)O)c2)c2c1C(=O)c1ccccc1C2=O,0.9986557449804296,1,LLM_generated,Gemini_AptaBench
TAGGGCGGGCGGGCGGGGGTGGGG,Nc1c(S(=O)(=O)O)cc(Nc2ccc(Nc3nc(Cl)nc(Nc4ccccc4S(=O)(=O)O)n3)c(S(=O)(=O)O)c2)c2c1C(=O)c1ccccc1C2=O,0.9986360737038414,1,LLM_generated,Gemini_AptaBench
CCCGGGCCCGGGCCCGGGCCCGGGCCCGGG,Nc1c(S(=O)(=O)O)cc(Nc2ccc(Nc3nc(Cl)nc(Nc4ccccc4S(=O)(=O)O)n3)c(S(=O)(=O)O)c2)c2c1C(=O)c1ccccc1C2=O,0.998278437012882,1,LLM_generated,Gemini_AptaBench
GGGCGGGCGGGCGGGCGGGCGGGCGGGCGGGC,Nc1c(S(=O)(=O)O)cc(Nc2ccc(Nc3nc(Cl)nc(Nc4ccccc4S(=O)(=O)O)n3)c(S(=O)(=O)O)c2)c2c1C(=O)c1ccccc1C2=O,0.9982596524050799,1,LLM_generated,Gemini_AptaBench
GGGTGGGTGGGTGGGTGGGTGGGT,Nc1c(S(=O)(=O)O)cc(Nc2ccc(Nc3nc(Cl)nc(Nc4ccccc4S(=O)(=O)O)n3)c(S(=O)(=O)O)c2)c2c1C(=O)c1ccccc1C2=O,0.9979693341506487,1,LLM_generated,Gemini_AptaBench
AGGGAGGGAGGGAGGGAGGGAGGG,Nc1c(S(=O)(=O)O)cc(Nc2ccc(Nc3nc(Cl)nc(Nc4ccccc4S(=O)(=O)O)n3)c(S(=O)(=O)O)c2)c2c1C(=O)c1ccccc1C2=O,0.9978923775820682,1,LLM_generated,Gemini_AptaBench
GGGTGGGTAGGGTGGGTAGGGTGGGT,Nc1c(S(=O)(=O)O)cc(Nc2ccc(Nc3nc(Cl)nc(Nc4ccccc4S(=O)(=O)O)n3)c(S(=O)(=O)O)c2)c2c1C(=O)c1ccccc1C2=O,0.9978898236571543,1,LLM_generated,Gemini_AptaBench
ACGTGGGTGGGTGGGTGGGTACGT,Nc1c(S(=O)(=O)O)cc(Nc2ccc(Nc3nc(Cl)nc(Nc4ccccc4S(=O)(=O)O)n3)c(S(=O)(=O)O)c2)c2c1C(=O)c1ccccc1C2=O,0.997844662558368,1,LLM_generated,Gemini_AptaBench
AGGGAGGGAGGGAGGGAGGGAGGGAGGGAGGG,Nc1c(S(=O)(=O)O)cc(Nc2ccc(Nc3nc(Cl)nc(Nc4ccccc4S(=O)(=O)O)n3)c(S(=O)(=O)O)c2)c2c1C(=O)c1ccccc1C2=O,0.9977174695057333,1,LLM_generated,Gemini_AptaBench
GGGTAGGGTGGGTGGGTAGGGTGGGT,Nc1c(S(=O)(=O)O)cc(Nc2ccc(Nc3nc(Cl)nc(Nc4ccccc4S(=O)(=O)O)n3)c(S(=O)(=O)O)c2)c2c1C(=O)c1ccccc1C2=O,0.9975753632336634,1,LLM_generated,Gemini_AptaBench
GGGTTAGGGTTAGGGTTAGGGTTAGGG,Nc1c(S(=O)(=O)O)cc(Nc2ccc(Nc3nc(Cl)nc(Nc4ccccc4S(=O)(=O)O)n3)c(S(=O)(=O)O)c2)c2c1C(=O)c1ccccc1C2=O,0.9973212921359037,1,LLM_generated,Gemini_AptaBench
AAAGGGAAAGGGAAAGGGAAAGGGAAAGGG,Nc1c(S(=O)(=O)O)cc(Nc2ccc(Nc3nc(Cl)nc(Nc4ccccc4S(=O)(=O)O)n3)c(S(=O)(=O)O)c2)c2c1C(=O)c1ccccc1C2=O,0.9972773213554865,1,LLM_generated,Gemini_AptaBench
GGGTGGGTTGGGTTGGGTTGGGTGGGT,Nc1c(S(=O)(=O)O)cc(Nc2ccc(Nc3nc(Cl)nc(Nc4ccccc4S(=O)(=O)O)n3)c(S(=O)(=O)O)c2)c2c1C(=O)c1ccccc1C2=O,0.9967589553267674,1,LLM_generated,Gemini_AptaBench
GGCGGCGGGCGGGCGGGCGGGCGGCGG,Nc1c(S(=O)(=O)O)cc(Nc2ccc(Nc3nc(Cl)nc(Nc4ccccc4S(=O)(=O)O)n3)c(S(=O)(=O)O)c2)c2c1C(=O)c1ccccc1C2=O,0.9964091755816231,1,LLM_generated,Gemini_AptaBench
GGGTGGGTGGGTGGGTGGGTGGGTGGGTGGGTGGGT,Nc1c(S(=O)(=O)O)cc(Nc2ccc(Nc3nc(Cl)nc(Nc4ccccc4S(=O)(=O)O)n3)c(S(=O)(=O)O)c2)c2c1C(=O)c1ccccc1C2=O,0.9961796914938413,1,LLM_generated,Gemini_AptaBench
GGGTATGGGTATGGGTATGGGTAT,Nc1c(S(=O)(=O)O)cc(Nc2ccc(Nc3nc(Cl)nc(Nc4ccccc4S(=O)(=O)O)n3)c(S(=O)(=O)O)c2)c2c1C(=O)c1ccccc1C2=O,0.9961428666105736,1,LLM_generated,Gemini_AptaBench
GGGUUUGGGUUUGGGUUUGGGUUUGGGUUU,Nc1c(S(=O)(=O)O)cc(Nc2ccc(Nc3nc(Cl)nc(Nc4ccccc4S(=O)(=O)O)n3)c(S(=O)(=O)O)c2)c2c1C(=O)c1ccccc1C2=O,0.9960849098335901,1,LLM_generated,Gemini_AptaBench
GGGTCCGGGTCCGGGTCCGGGTCCGGGTCCGGGTCC,Nc1c(S(=O)(=O)O)cc(Nc2ccc(Nc3nc(Cl)nc(Nc4ccccc4S(=O)(=O)O)n3)c(S(=O)(=O)O)c2)c2c1C(=O)c1ccccc1C2=O,0.9955852385104709,1,LLM_generated,Gemini_AptaBench
GGGAGAGGGTAGGGTGGGTGGGTTGGGTGGGTAGGG,Nc1c(S(=O)(=O)O)cc(Nc2ccc(Nc3nc(Cl)nc(Nc4ccccc4S(=O)(=O)O)n3)c(S(=O)(=O)O)c2)c2c1C(=O)c1ccccc1C2=O,0.9953956424314263,1,LLM_generated,Gemini_AptaBench
GGGCGGGCGGGCGGGCGGGCGGGCGGGCGGGCGGGCGGGC,Nc1c(S(=O)(=O)O)cc(Nc2ccc(Nc3nc(Cl)nc(Nc4ccccc4S(=O)(=O)O)n3)c(S(=O)(=O)O)c2)c2c1C(=O)c1ccccc1C2=O,0.9953263198226439,1,LLM_generated,Gemini_AptaBench
GGGCGGGCGGGCGGGCGGGCGGGCGGGCGGGCGGGC,Nc1c(S(=O)(=O)O)cc(Nc2ccc(Nc3nc(Cl)nc(Nc4ccccc4S(=O)(=O)O)n3)c(S(=O)(=O)O)c2)c2c1C(=O)c1ccccc1C2=O,0.9952193192936154,1,LLM_generated,Gemini_AptaBench
GGGTGGGTGGGTGGGTGGGTGGGTGGGTGGGTGGGTGGGT,Nc1c(S(=O)(=O)O)cc(Nc2ccc(Nc3nc(Cl)nc(Nc4ccccc4S(=O)(=O)O)n3)c(S(=O)(=O)O)c2)c2c1C(=O)c1ccccc1C2=O,0.9951302730078323,1,LLM_generated,Gemini_AptaBench
GGGAGAGGGTAGGGTGGGTGGGTTGGGTGGGTAGGGAA,Nc1c(S(=O)(=O)O)cc(Nc2ccc(Nc3nc(Cl)nc(Nc4ccccc4S(=O)(=O)O)n3)c(S(=O)(=O)O)c2)c2c1C(=O)c1ccccc1C2=O,0.9948744643567753,1,LLM_generated,Gemini_AptaBench
ACACGGGTGGGTGGGTGGGTACAC,Nc1c(S(=O)(=O)O)cc(Nc2ccc(Nc3nc(Cl)nc(Nc4ccccc4S(=O)(=O)O)n3)c(S(=O)(=O)O)c2)c2c1C(=O)c1ccccc1C2=O,0.9948296803505694,1,LLM_generated,Gemini_AptaBench
UGGGUGGGUGGGUGGGUGGGUGGG,Nc1c(S(=O)(=O)O)cc(Nc2ccc(Nc3nc(Cl)nc(Nc4ccccc4S(=O)(=O)O)n3)c(S(=O)(=O)O)c2)c2c1C(=O)c1ccccc1C2=O,0.9935784160265901,1,LLM_generated,Gemini_AptaBench
GGGTTTGGGTTTGGGTTTGGGTTTGGGTTTGGG,Nc1c(S(=O)(=O)O)cc(Nc2ccc(Nc3nc(Cl)nc(Nc4ccccc4S(=O)(=O)O)n3)c(S(=O)(=O)O)c2)c2c1C(=O)c1ccccc1C2=O,0.9926592551200052,1,LLM_generated,Gemini_AptaBench
GGGAAGGGAAGGGAAGGGAAGGGAAGGGAAGGG,Nc1c(S(=O)(=O)O)cc(Nc2ccc(Nc3nc(Cl)nc(Nc4ccccc4S(=O)(=O)O)n3)c(S(=O)(=O)O)c2)c2c1C(=O)c1ccccc1C2=O,0.99256503475435,1,LLM_generated,Gemini_AptaBench
ATGCGGGTGGGTGGGTGGGTGCAT,Nc1c(S(=O)(=O)O)cc(Nc2ccc(Nc3nc(Cl)nc(Nc4ccccc4S(=O)(=O)O)n3)c(S(=O)(=O)O)c2)c2c1C(=O)c1ccccc1C2=O,0.9923803035641724,1,LLM_generated,Gemini_AptaBench
GGGAAGGGAAGAAACUGCGGCUUCGGCCGGCUUCCC,Nc1c(S(=O)(=O)O)cc(Nc2ccc(Nc3nc(Cl)nc(Nc4ccccc4S(=O)(=O)O)n3)c(S(=O)(=O)O)c2)c2c1C(=O)c1ccccc1C2=O,0.9920620241465857,1,LLM_generated,Gemini_AptaBench
UAGGGUGGGUGGGUGGGUGGGUGGGU,Nc1c(S(=O)(=O)O)cc(Nc2ccc(Nc3nc(Cl)nc(Nc4ccccc4S(=O)(=O)O)n3)c(S(=O)(=O)O)c2)c2c1C(=O)c1ccccc1C2=O,0.9896508732415296,1,LLM_generated,Gemini_AptaBench
UUUGGGAAAGGGAAAGGGAAAGGGAAAGGGAAA,Nc1c(S(=O)(=O)O)cc(Nc2ccc(Nc3nc(Cl)nc(Nc4ccccc4S(=O)(=O)O)n3)c(S(=O)(=O)O)c2)c2c1C(=O)c1ccccc1C2=O,0.9888105943295382,1,LLM_generated,Gemini_AptaBench
CCCGGGAGGGAGGGAGGGAGGGAGGGCCC,Nc1c(S(=O)(=O)O)cc(Nc2ccc(Nc3nc(Cl)nc(Nc4ccccc4S(=O)(=O)O)n3)c(S(=O)(=O)O)c2)c2c1C(=O)c1ccccc1C2=O,0.9865786414579765,1,LLM_generated,Gemini_AptaBench
GGGAAAGGGAAAGGGAAAGGGAAAGGGAAA,Nc1c(S(=O)(=O)O)cc(Nc2ccc(Nc3nc(Cl)nc(Nc4ccccc4S(=O)(=O)O)n3)c(S(=O)(=O)O)c2)c2c1C(=O)c1ccccc1C2=O,0.9865011729233507,1,LLM_generated,Gemini_AptaBench
CCCGGGTTTGGGTTTGGGTTTGGGTTTGGGCCC,Nc1c(S(=O)(=O)O)cc(Nc2ccc(Nc3nc(Cl)nc(Nc4ccccc4S(=O)(=O)O)n3)c(S(=O)(=O)O)c2)c2c1C(=O)c1ccccc1C2=O,0.9849514919904185,1,LLM_generated,Gemini_AptaBench
GGGAAAGGGAAAGGGAAAGGGAAAGGGAAAGGG,Nc1c(S(=O)(=O)O)cc(Nc2ccc(Nc3nc(Cl)nc(Nc4ccccc4S(=O)(=O)O)n3)c(S(=O)(=O)O)c2)c2c1C(=O)c1ccccc1C2=O,0.9837104213031858,1,LLM_generated,Gemini_AptaBench
GGGTCTGGGTCTGGGTCTGGGTCTGGGTCTGGGTCT,Nc1c(S(=O)(=O)O)cc(Nc2ccc(Nc3nc(Cl)nc(Nc4ccccc4S(=O)(=O)O)n3)c(S(=O)(=O)O)c2)c2c1C(=O)c1ccccc1C2=O,0.9831224889076118,1,LLM_generated,Gemini_AptaBench
TTTGGGTTTGGGTTTGGGTTTGGGTTTGGGTTT,Nc1c(S(=O)(=O)O)cc(Nc2ccc(Nc3nc(Cl)nc(Nc4ccccc4S(=O)(=O)O)n3)c(S(=O)(=O)O)c2)c2c1C(=O)c1ccccc1C2=O,0.9794346250911087,1,LLM_generated,Gemini_AptaBench
GGGAGAGGGAGAGGGAGAGGGAGAGGGAGAGGG,Nc1c(S(=O)(=O)O)cc(Nc2ccc(Nc3nc(Cl)nc(Nc4ccccc4S(=O)(=O)O)n3)c(S(=O)(=O)O)c2)c2c1C(=O)c1ccccc1C2=O,0.9783034422635345,1,LLM_generated,Gemini_AptaBench
CCCGGGTAGGGTAGGGTAGGGTAGGGCCC,Nc1c(S(=O)(=O)O)cc(Nc2ccc(Nc3nc(Cl)nc(Nc4ccccc4S(=O)(=O)O)n3)c(S(=O)(=O)O)c2)c2c1C(=O)c1ccccc1C2=O,0.9770899094630873,1,LLM_generated,Gemini_AptaBench
CGCGGGTGGGTGGGTGGGTGCGC,Nc1c(S(=O)(=O)O)cc(Nc2ccc(Nc3nc(Cl)nc(Nc4ccccc4S(=O)(=O)O)n3)c(S(=O)(=O)O)c2)c2c1C(=O)c1ccccc1C2=O,0.9770137235808909,1,LLM_generated,Gemini_AptaBench
GGGAAAGGGAAAGGGAAAGGGAAAGGGAAAGGGAAAGGG,Nc1c(S(=O)(=O)O)cc(Nc2ccc(Nc3nc(Cl)nc(Nc4ccccc4S(=O)(=O)O)n3)c(S(=O)(=O)O)c2)c2c1C(=O)c1ccccc1C2=O,0.9726920899637419,1,LLM_generated,Gemini_AptaBench
GGGAGGGAGGGAGGGAGGGAGGGAGGGA,Nc1c(S(=O)(=O)O)cc(Nc2ccc(Nc3nc(Cl)nc(Nc4ccccc4S(=O)(=O)O)n3)c(S(=O)(=O)O)c2)c2c1C(=O)c1ccccc1C2=O,0.9724376515468155,1,LLM_generated,Gemini_AptaBench
GGGCCCCGGGGCCCCGGGGCCCCGGGGCCCC,Nc1c(S(=O)(=O)O)cc(Nc2ccc(Nc3nc(Cl)nc(Nc4ccccc4S(=O)(=O)O)n3)c(S(=O)(=O)O)c2)c2c1C(=O)c1ccccc1C2=O,0.971845803214851,1,LLM_generated,Gemini_AptaBench
GGGACGGGGACGGGGACGGGGACG,Nc1c(S(=O)(=O)O)cc(Nc2ccc(Nc3nc(Cl)nc(Nc4ccccc4S(=O)(=O)O)n3)c(S(=O)(=O)O)c2)c2c1C(=O)c1ccccc1C2=O,0.9615455332511826,1,LLM_generated,Gemini_AptaBench
GGGAGAGGGAGAGGGAGAGGGAGAGGGAGAGGGAGA,Nc1c(S(=O)(=O)O)cc(Nc2ccc(Nc3nc(Cl)nc(Nc4ccccc4S(=O)(=O)O)n3)c(S(=O)(=O)O)c2)c2c1C(=O)c1ccccc1C2=O,0.9590023003535679,1,LLM_generated,Gemini_AptaBench
TTTGGGTGGGTGGGTGGGTGGGTGGGT,Nc1c(S(=O)(=O)O)cc(Nc2ccc(Nc3nc(Cl)nc(Nc4ccccc4S(=O)(=O)O)n3)c(S(=O)(=O)O)c2)c2c1C(=O)c1ccccc1C2=O,0.9566585590713426,1,LLM_generated,Gemini_AptaBench
TAGGGTTAGGGTTAGGGTTAGGGTTAGGGTTAGGGT,Nc1c(S(=O)(=O)O)cc(Nc2ccc(Nc3nc(Cl)nc(Nc4ccccc4S(=O)(=O)O)n3)c(S(=O)(=O)O)c2)c2c1C(=O)c1ccccc1C2=O,0.9510529891132271,1,LLM_generated,Gemini_AptaBench
GGGAAAAGGGAAAAGGGAAAAGGGAAAAGGG,Nc1c(S(=O)(=O)O)cc(Nc2ccc(Nc3nc(Cl)nc(Nc4ccccc4S(=O)(=O)O)n3)c(S(=O)(=O)O)c2)c2c1C(=O)c1ccccc1C2=O,0.9492492709816636,1,LLM_generated,Gemini_AptaBench
GGGAGAATTCCCGCGGCAGAAGCCCACCTGGCTTTGAACTCTATGTTATTGGGTGGGGGAAACTTAAGAAAACTACCACCCTTCAACATTACCGCCCTTCAGCCTGCCAGCGCCCTGCAGCCCGGGAAGCTT,Nc1c(S(=O)(=O)O)cc(Nc2ccc(Nc3nc(Cl)nc(Nc4ccccc4S(=O)(=O)O)n3)c(S(=O)(=O)O)c2)c2c1C(=O)c1ccccc1C2=O,0.004821899452700503,0,LLM_generated,Gemini_AptaBench
ATCCGTCACACCTGCTCTACGGCGGGTGGGCGGGTCGGGGTGGGGTAGGGTAGGGTCGGCATCGTGCTGGTCGTAGTTAGCAG,Nc1c(S(=O)(=O)O)cc(Nc2ccc(Nc3nc(Cl)nc(Nc4ccccc4S(=O)(=O)O)n3)c(S(=O)(=O)O)c2)c2c1C(=O)c1ccccc1C2=O,0.999741201693499,1,LLM_generated,Gemini_AptaBench
ATCCGTCACACCTGCTCTACGGCGGGTGGGCGGGTCGGGGTGGGGTAGGGTAGGGTCGGCATCGTGCTGGTCGTAGTTAGCAG,Nc1c(S(=O)(=O)O)cc(Nc2ccc(Nc3nc(Cl)nc(Nc4ccccc4S(=O)(=O)O)n3)c(S(=O)(=O)O)c2)c2c1C(=O)c1ccccc1C2=O,0.999741201693499,1,LLM_generated,Gemini_AptaBench
ATCCGTCACACCTGCTCTACGGCGGGTGGGCGGGTCGGGGTGGGGTAGGGTAGGGTCGGC,Nc1c(S(=O)(=O)O)cc(Nc2ccc(Nc3nc(Cl)nc(Nc4ccccc4S(=O)(=O)O)n3)c(S(=O)(=O)O)c2)c2c1C(=O)c1ccccc1C2=O,0.9994511949889611,1,LLM_generated,Gemini_AptaBench
ATCCGTCACACCTGCTCTACGGCGGGTGGGCGGGTCGGGGTGGGGTAGGGTAGGGT,Nc1c(S(=O)(=O)O)cc(Nc2ccc(Nc3nc(Cl)nc(Nc4ccccc4S(=O)(=O)O)n3)c(S(=O)(=O)O)c2)c2c1C(=O)c1ccccc1C2=O,0.9994511949889611,1,LLM_generated,Gemini_AptaBench
ATCCGTCACACCTGCTCTACGGCGGGTGGGCGGGTCGGGGTGGGGTAGGGTAGGGT,Nc1c(S(=O)(=O)O)cc(Nc2ccc(Nc3nc(Cl)nc(Nc4ccccc4S(=O)(=O)O)n3)c(S(=O)(=O)O)c2)c2c1C(=O)c1ccccc1C2=O,0.9994511949889611,1,LLM_generated,Gemini_AptaBench
ATCCGTCACACCTGCTCTACGGCGGGTGGGCGGGTCGGGGTGGGGTAGGGTAGGGT,Nc1c(S(=O)(=O)O)cc(Nc2ccc(Nc3nc(Cl)nc(Nc4ccccc4S(=O)(=O)O)n3)c(S(=O)(=O)O)c2)c2c1C(=O)c1ccccc1C2=O,0.9994511949889611,1,LLM_generated,Gemini_AptaBench
GGGAGCTCAGAATAAACGCTCAAGCAGGCGGGTGGGGTAGGGTAGGGTCTCGACATGAGGCCCGGATC,Nc1c(S(=O)(=O)O)cc(Nc2ccc(Nc3nc(Cl)nc(Nc4ccccc4S(=O)(=O)O)n3)c(S(=O)(=O)O)c2)c2c1C(=O)c1ccccc1C2=O,0.9992496473576714,1,LLM_generated,Gemini_AptaBench
ACGTAGCCGTTAGCAGCGTGTGGGGGTGGGGTTTTCCTGCAGGCGCAC,Nc1c(S(=O)(=O)O)cc(Nc2ccc(Nc3nc(Cl)nc(Nc4ccccc4S(=O)(=O)O)n3)c(S(=O)(=O)O)c2)c2c1C(=O)c1ccccc1C2=O,0.9991991867931771,1,LLM_generated,Gemini_AptaBench
ACGTAGCCGTTAGCAGCGTGTGGGGGTGGGGTTTTCCTGCAGGCGCAC,Nc1c(S(=O)(=O)O)cc(Nc2ccc(Nc3nc(Cl)nc(Nc4ccccc4S(=O)(=O)O)n3)c(S(=O)(=O)O)c2)c2c1C(=O)c1ccccc1C2=O,0.9991991867931771,1,LLM_generated,Gemini_AptaBench
ACGUAGCCGUUAGCAGCGUGUGGGGGUGGGGUUUUCCUGCAGGCGCAC,Nc1c(S(=O)(=O)O)cc(Nc2ccc(Nc3nc(Cl)nc(Nc4ccccc4S(=O)(=O)O)n3)c(S(=O)(=O)O)c2)c2c1C(=O)c1ccccc1C2=O,0.9989736716254823,1,LLM_generated,Gemini_AptaBench
GCCTTAGTCCGTGGGTGGGGGAGTGGGGGTGGGTGGTTGGTGCCTTAGTCCGT,Nc1c(S(=O)(=O)O)cc(Nc2ccc(Nc3nc(Cl)nc(Nc4ccccc4S(=O)(=O)O)n3)c(S(=O)(=O)O)c2)c2c1C(=O)c1ccccc1C2=O,0.998769175197309,1,LLM_generated,Gemini_AptaBench
GCCTTAGTCCGTGGGTGGGGGAGTGGGGGTGGGTGGTTGGTGCCTTAGTCCGT,Nc1c(S(=O)(=O)O)cc(Nc2ccc(Nc3nc(Cl)nc(Nc4ccccc4S(=O)(=O)O)n3)c(S(=O)(=O)O)c2)c2c1C(=O)c1ccccc1C2=O,0.998769175197309,1,LLM_generated,Gemini_AptaBench
GCCTTAGTCCGTGGGTGGGGGAGTGGGGGTGGGTGGTTGGTGCCTTAGTCCGT,Nc1c(S(=O)(=O)O)cc(Nc2ccc(Nc3nc(Cl)nc(Nc4ccccc4S(=O)(=O)O)n3)c(S(=O)(=O)O)c2)c2c1C(=O)c1ccccc1C2=O,0.998769175197309,1,LLM_generated,Gemini_AptaBench
GCCTTAGTCCGTGGGTGGGGGAGTGGGGGTGGGTGGTTGGTGCCTTAGTCCGT,Nc1c(S(=O)(=O)O)cc(Nc2ccc(Nc3nc(Cl)nc(Nc4ccccc4S(=O)(=O)O)n3)c(S(=O)(=O)O)c2)c2c1C(=O)c1ccccc1C2=O,0.998769175197309,1,LLM_generated,Gemini_AptaBench
GGGAGCTCAGAATAAACGCTCAAGCAGGCGTGGGGGTGGGTGGTTGGTTGGCTTAGTGTTTCGACATGAGGCCCGGATC,Nc1c(S(=O)(=O)O)cc(Nc2ccc(Nc3nc(Cl)nc(Nc4ccccc4S(=O)(=O)O)n3)c(S(=O)(=O)O)c2)c2c1C(=O)c1ccccc1C2=O,0.9977943772233011,1,LLM_generated,Gemini_AptaBench
GGGAGCTCAGAATAAACGCTCAAGCAGGCGTGGGGGTGGGTGGTTGGTTGGCTTAGTGTTTCGACATGAGGCCCGGATC,Nc1c(S(=O)(=O)O)cc(Nc2ccc(Nc3nc(Cl)nc(Nc4ccccc4S(=O)(=O)O)n3)c(S(=O)(=O)O)c2)c2c1C(=O)c1ccccc1C2=O,0.9977943772233011,1,LLM_generated,Gemini_AptaBench
GGGAGCTCAGAATAAACGCTCAAGCAGGCGTGGGGGTGGGTGGTTGGTTGGCTTAGTGTTTCGACATGAGGCCCGGATC,Nc1c(S(=O)(=O)O)cc(Nc2ccc(Nc3nc(Cl)nc(Nc4ccccc4S(=O)(=O)O)n3)c(S(=O)(=O)O)c2)c2c1C(=O)c1ccccc1C2=O,0.9977943772233011,1,LLM_generated,Gemini_AptaBench
GGGAGCTCAGAATAAACGCTCAAGCAGGCGTGGGGGTGGGTGGTTGGTTGGCTTAGTGTTT,Nc1c(S(=O)(=O)O)cc(Nc2ccc(Nc3nc(Cl)nc(Nc4ccccc4S(=O)(=O)O)n3)c(S(=O)(=O)O)c2)c2c1C(=O)c1ccccc1C2=O,0.9971834081106267,1,LLM_generated,Gemini_AptaBench
GGGTGGGGGAGTGGGGGTGGGTGGTTGGT,Nc1c(S(=O)(=O)O)cc(Nc2ccc(Nc3nc(Cl)nc(Nc4ccccc4S(=O)(=O)O)n3)c(S(=O)(=O)O)c2)c2c1C(=O)c1ccccc1C2=O,0.9971529962556758,1,LLM_generated,Gemini_AptaBench
GGGTGGGGGAGTGGGGGTGGGTGGTTGGT,Nc1c(S(=O)(=O)O)cc(Nc2ccc(Nc3nc(Cl)nc(Nc4ccccc4S(=O)(=O)O)n3)c(S(=O)(=O)O)c2)c2c1C(=O)c1ccccc1C2=O,0.9971529962556758,1,LLM_generated,Gemini_AptaBench
GGGTGGGTGGGTGGGT,Nc1c(S(=O)(=O)O)cc(Nc2ccc(Nc3nc(Cl)nc(Nc4ccccc4S(=O)(=O)O)n3)c(S(=O)(=O)O)c2)c2c1C(=O)c1ccccc1C2=O,0.9970267749425106,1,LLM_generated,Gemini_AptaBench
GGGTGGGTGGGTGGGT,Nc1c(S(=O)(=O)O)cc(Nc2ccc(Nc3nc(Cl)nc(Nc4ccccc4S(=O)(=O)O)n3)c(S(=O)(=O)O)c2)c2c1C(=O)c1ccccc1C2=O,0.9970267749425106,1,LLM_generated,Gemini_AptaBench
GGGTGGGTGGGTGGGT,Nc1c(S(=O)(=O)O)cc(Nc2ccc(Nc3nc(Cl)nc(Nc4ccccc4S(=O)(=O)O)n3)c(S(=O)(=O)O)c2)c2c1C(=O)c1ccccc1C2=O,0.9970267749425106,1,LLM_generated,Gemini_AptaBench
GGGUGGGGGAGUGGGGUGGGUGGUUGGU,Nc1c(S(=O)(=O)O)cc(Nc2ccc(Nc3nc(Cl)nc(Nc4ccccc4S(=O)(=O)O)n3)c(S(=O)(=O)O)c2)c2c1C(=O)c1ccccc1C2=O,0.9965751626643787,1,LLM_generated,Gemini_AptaBench
GGGUGGGGGAGUGGGGUGGGUGGUUGGU,Nc1c(S(=O)(=O)O)cc(Nc2ccc(Nc3nc(Cl)nc(Nc4ccccc4S(=O)(=O)O)n3)c(S(=O)(=O)O)c2)c2c1C(=O)c1ccccc1C2=O,0.9965751626643787,1,LLM_generated,Gemini_AptaBench
GGGUGGGGGAGUGGGGUGGGUGGUUGGU,Nc1c(S(=O)(=O)O)cc(Nc2ccc(Nc3nc(Cl)nc(Nc4ccccc4S(=O)(=O)O)n3)c(S(=O)(=O)O)c2)c2c1C(=O)c1ccccc1C2=O,0.9965751626643787,1,LLM_generated,Gemini_AptaBench
CGACATGAGGCCCGGATCCTCCGTCACACCTGCTCTACGGCGGGTGGGCGGGTCGGGGTGGGGTAGGGTAGGGT,Nc1c(S(=O)(=O)O)cc(Nc2ccc(Nc3nc(Cl)nc(Nc4ccccc4S(=O)(=O)O)n3)c(S(=O)(=O)O)c2)c2c1C(=O)c1ccccc1C2=O,0.9956647138781003,1,LLM_generated,Gemini_AptaBench
CGACATGAGGCCCGGATCCTCCGTCACACCTGCTCTACGGCGGGTGGGCGGGTCGGGGTGGGGTAGGGTAGGGT,Nc1c(S(=O)(=O)O)cc(Nc2ccc(Nc3nc(Cl)nc(Nc4ccccc4S(=O)(=O)O)n3)c(S(=O)(=O)O)c2)c2c1C(=O)c1ccccc1C2=O,0.9956647138781003,1,LLM_generated,Gemini_AptaBench
GGGAAGGGAAGAAACUGCGGCUUCGGCCGGCUUCCC,Nc1c(S(=O)(=O)O)cc(Nc2ccc(Nc3nc(Cl)nc(Nc4ccccc4S(=O)(=O)O)n3)c(S(=O)(=O)O)c2)c2c1C(=O)c1ccccc1C2=O,0.9920620241465857,1,LLM_generated,Gemini_AptaBench
GGGAAGGGAAGAAACUGCGGCUUCGGCCGGCUUCCC,Nc1c(S(=O)(=O)O)cc(Nc2ccc(Nc3nc(Cl)nc(Nc4ccccc4S(=O)(=O)O)n3)c(S(=O)(=O)O)c2)c2c1C(=O)c1ccccc1C2=O,0.9920620241465857,1,LLM_generated,Gemini_AptaBench
GGGAAGGGAAGAAACUGCGGCUUCGGCCGGCUUCCC,Nc1c(S(=O)(=O)O)cc(Nc2ccc(Nc3nc(Cl)nc(Nc4ccccc4S(=O)(=O)O)n3)c(S(=O)(=O)O)c2)c2c1C(=O)c1ccccc1C2=O,0.9920620241465857,1,LLM_generated,Gemini_AptaBench
GGGAAGGGAAGAAACUGCGGCUUCGGCCGGCUUCCC,Nc1c(S(=O)(=O)O)cc(Nc2ccc(Nc3nc(Cl)nc(Nc4ccccc4S(=O)(=O)O)n3)c(S(=O)(=O)O)c2)c2c1C(=O)c1ccccc1C2=O,0.9920620241465857,1,LLM_generated,Gemini_AptaBench
CGTGTGGGGGTGGGGTTTTCCTGCAGGCGCACACGTAGCCGTTAGCAG,Nc1c(S(=O)(=O)O)cc(Nc2ccc(Nc3nc(Cl)nc(Nc4ccccc4S(=O)(=O)O)n3)c(S(=O)(=O)O)c2)c2c1C(=O)c1ccccc1C2=O,0.9909358187426106,1,LLM_generated,Gemini_AptaBench
CGTGTGGGGGTGGGGTTTTCCTGCAGGCGCACACGTAGCCGTTAGCAG,Nc1c(S(=O)(=O)O)cc(Nc2ccc(Nc3nc(Cl)nc(Nc4ccccc4S(=O)(=O)O)n3)c(S(=O)(=O)O)c2)c2c1C(=O)c1ccccc1C2=O,0.9909358187426106,1,LLM_generated,Gemini_AptaBench
CGTGTGGGGGTGGGGTTTTCCTGCAGGCGCACACGTAGCCGTTAGCAG,Nc1c(S(=O)(=O)O)cc(Nc2ccc(Nc3nc(Cl)nc(Nc4ccccc4S(=O)(=O)O)n3)c(S(=O)(=O)O)c2)c2c1C(=O)c1ccccc1C2=O,0.9909358187426106,1,LLM_generated,Gemini_AptaBench
CGTGTGGGGGTGGGGTTTTCCTGCAGGCGCACACGTAGCCGTTAGCAG,Nc1c(S(=O)(=O)O)cc(Nc2ccc(Nc3nc(Cl)nc(Nc4ccccc4S(=O)(=O)O)n3)c(S(=O)(=O)O)c2)c2c1C(=O)c1ccccc1C2=O,0.9909358187426106,1,LLM_generated,Gemini_AptaBench
CCGGCGTGGGGGTGGGTGGTTGGTTGGCTTAGTGTTTCGACATGAGGCCCGGATC,Nc1c(S(=O)(=O)O)cc(Nc2ccc(Nc3nc(Cl)nc(Nc4ccccc4S(=O)(=O)O)n3)c(S(=O)(=O)O)c2)c2c1C(=O)c1ccccc1C2=O,0.9889807215874228,1,LLM_generated,Gemini_AptaBench
TAGGGTAGGGTAGGGTAGGGTAGGGTAGGGTAGGGTAGGGTAGGGTAGGG,Nc1c(S(=O)(=O)O)cc(Nc2ccc(Nc3nc(Cl)nc(Nc4ccccc4S(=O)(=O)O)n3)c(S(=O)(=O)O)c2)c2c1C(=O)c1ccccc1C2=O,0.9884965354445827,1,LLM_generated,Gemini_AptaBench
GGCAGGCGTGGGGGTGGGTGGTTGGTTGGCTTAGTGTTTCGACATGAGGC,Nc1c(S(=O)(=O)O)cc(Nc2ccc(Nc3nc(Cl)nc(Nc4ccccc4S(=O)(=O)O)n3)c(S(=O)(=O)O)c2)c2c1C(=O)c1ccccc1C2=O,0.9818226238515372,1,LLM_generated,Gemini_AptaBench
CCGTCACACCTGCTCTACGGCGGGTGGGCGGGTCGGGGTGGGGTAGGGTAGGGTCGGC,Nc1c(S(=O)(=O)O)cc(Nc2ccc(Nc3nc(Cl)nc(Nc4ccccc4S(=O)(=O)O)n3)c(S(=O)(=O)O)c2)c2c1C(=O)c1ccccc1C2=O,0.9592369331306468,1,LLM_generated,Gemini_AptaBench
GGGAGGACGATGCGGGGGTGGGGTAGGGTAGGGTCTCGACATGCAGT,Nc1c(S(=O)(=O)O)cc(Nc2ccc(Nc3nc(Cl)nc(Nc4ccccc4S(=O)(=O)O)n3)c(S(=O)(=O)O)c2)c2c1C(=O)c1ccccc1C2=O,0.315991909468472,0,LLM_generated,Gemini_AptaBench
GGGAGGACGATGCGGGTGGGGTGGGGGTGGGGTGGGG,Nc1c(S(=O)(=O)O)cc(Nc2ccc(Nc3nc(Cl)nc(Nc4ccccc4S(=O)(=O)O)n3)c(S(=O)(=O)O)c2)c2c1C(=O)c1ccccc1C2=O,0.1370499117118976,0,LLM_generated,Gemini_AptaBench
GGGAGGACGATGCGGGTGGGGTGGGGGTGGGGTGGGG,Nc1c(S(=O)(=O)O)cc(Nc2ccc(Nc3nc(Cl)nc(Nc4ccccc4S(=O)(=O)O)n3)c(S(=O)(=O)O)c2)c2c1C(=O)c1ccccc1C2=O,0.1370499117118976,0,LLM_generated,Gemini_AptaBench
GGGAGGACGATGCGGGTGGGGTGGGGGTGGGGTGGGG,Nc1c(S(=O)(=O)O)cc(Nc2ccc(Nc3nc(Cl)nc(Nc4ccccc4S(=O)(=O)O)n3)c(S(=O)(=O)O)c2)c2c1C(=O)c1ccccc1C2=O,0.1370499117118976,0,LLM_generated,Gemini_AptaBench
GGGAGGACGATGCGGGTGGGGTGGGGGTGGGGTGGGG,Nc1c(S(=O)(=O)O)cc(Nc2ccc(Nc3nc(Cl)nc(Nc4ccccc4S(=O)(=O)O)n3)c(S(=O)(=O)O)c2)c2c1C(=O)c1ccccc1C2=O,0.1370499117118976,0,LLM_generated,Gemini_AptaBench
GGGAGAATTCCCGCGGCAGAAGCCCACCTGGCTTTGAACTCTATGTTATTGGGTGGGGG,Nc1c(S(=O)(=O)O)cc(Nc2ccc(Nc3nc(Cl)nc(Nc4ccccc4S(=O)(=O)O)n3)c(S(=O)(=O)O)c2)c2c1C(=O)c1ccccc1C2=O,0.024691420411326617,0,LLM_generated,Gemini_AptaBench
GGGAGAATTCCCGCGGCAGAAGCCCACCTGGCTTTGAACTCTATGTTATTGGGTGGGGG,Nc1c(S(=O)(=O)O)cc(Nc2ccc(Nc3nc(Cl)nc(Nc4ccccc4S(=O)(=O)O)n3)c(S(=O)(=O)O)c2)c2c1C(=O)c1ccccc1C2=O,0.024691420411326617,0,LLM_generated,Gemini_AptaBench
GGGAGAATTCCCGCGGCAGAAGCCCACCTGGCTTTGAACTCTATGTTATTGGGTGGGGG,Nc1c(S(=O)(=O)O)cc(Nc2ccc(Nc3nc(Cl)nc(Nc4ccccc4S(=O)(=O)O)n3)c(S(=O)(=O)O)c2)c2c1C(=O)c1ccccc1C2=O,0.024691420411326617,0,LLM_generated,Gemini_AptaBench
GGGAGAATTCCCGCGGCAGAAGCCCACCTGGCTTTGAACTCTATGTTATTGGGTGGGGGAAACTTAAGAAAACTACCACC,Nc1c(S(=O)(=O)O)cc(Nc2ccc(Nc3nc(Cl)nc(Nc4ccccc4S(=O)(=O)O)n3)c(S(=O)(=O)O)c2)c2c1C(=O)c1ccccc1C2=O,0.01834965934717891,0,LLM_generated,Gemini_AptaBench
GGGAGAATTCCCGCGGCAGAAGCCCACCTGGCTTTGAACTCTATGTTATTGGGTGGGGGAAACTTAAGAAAACTACCACCCTTCAACATTACCGCCCTTCAGCCTGCCAGCGCCCTGCAGCCCGGGAAGCTT,Nc1c(S(=O)(=O)O)cc(Nc2ccc(Nc3nc(Cl)nc(Nc4ccccc4S(=O)(=O)O)n3)c(S(=O)(=O)O)c2)c2c1C(=O)c1ccccc1C2=O,0.004821899452700503,0,LLM_generated,Gemini_AptaBench
ATATGCGCATATGCGCATATGCGCATATGCGC,Nc1c(S(=O)(=O)O)cc(Nc2ccc(Nc3nc(Cl)nc(Nc4ccccc4S(=O)(=O)O)n3)c(S(=O)(=O)O)c2)c2c1C(=O)c1ccccc1C2=O,0.999920389864862,1,LLM_generated,Gemini_AptaBench
GGGCGCGCGGAGAAUUCCCGGCAGAAGCCCACCUGGCTTTGAACTCTATGTTATTGGG,Nc1c(S(=O)(=O)O)cc(Nc2ccc(Nc3nc(Cl)nc(Nc4ccccc4S(=O)(=O)O)n3)c(S(=O)(=O)O)c2)c2c1C(=O)c1ccccc1C2=O,0.9996682485459951,1,LLM_generated,Gemini_AptaBench
CGCGGCGCGCGGGCGCGCGCGCGCCC,Nc1c(S(=O)(=O)O)cc(Nc2ccc(Nc3nc(Cl)nc(Nc4ccccc4S(=O)(=O)O)n3)c(S(=O)(=O)O)c2)c2c1C(=O)c1ccccc1C2=O,0.9993856119888805,1,LLM_generated,Gemini_AptaBench
AGCAGCACCGACCGATCCCCGGCCTCGTGCTGCATCGTAGCTAGCTAGCTAGCGA,Nc1c(S(=O)(=O)O)cc(Nc2ccc(Nc3nc(Cl)nc(Nc4ccccc4S(=O)(=O)O)n3)c(S(=O)(=O)O)c2)c2c1C(=O)c1ccccc1C2=O,0.9992053034227321,1,LLM_generated,Gemini_AptaBench
ACACACACGGGGTTTTCGCGCTAGCTAGCGCTAGCGAAAACCCCGTGTGTGT,Nc1c(S(=O)(=O)O)cc(Nc2ccc(Nc3nc(Cl)nc(Nc4ccccc4S(=O)(=O)O)n3)c(S(=O)(=O)O)c2)c2c1C(=O)c1ccccc1C2=O,0.9991125767577234,1,LLM_generated,Gemini_AptaBench
AAAGGGCCCTTTGGGAAAGGGCCCTTTGGG,Nc1c(S(=O)(=O)O)cc(Nc2ccc(Nc3nc(Cl)nc(Nc4ccccc4S(=O)(=O)O)n3)c(S(=O)(=O)O)c2)c2c1C(=O)c1ccccc1C2=O,0.9989688830411813,1,LLM_generated,Gemini_AptaBench
ATGCATGCATGCATGCATGCATGCATGCATGC,Nc1c(S(=O)(=O)O)cc(Nc2ccc(Nc3nc(Cl)nc(Nc4ccccc4S(=O)(=O)O)n3)c(S(=O)(=O)O)c2)c2c1C(=O)c1ccccc1C2=O,0.9988784718638428,1,LLM_generated,Gemini_AptaBench
GCGCGCGCGCGCGCGCGCGCGCGCGCGCGC,Nc1c(S(=O)(=O)O)cc(Nc2ccc(Nc3nc(Cl)nc(Nc4ccccc4S(=O)(=O)O)n3)c(S(=O)(=O)O)c2)c2c1C(=O)c1ccccc1C2=O,0.9985384804984213,1,LLM_generated,Gemini_AptaBench
GGGUUCCCGGGUUCCCGGGUUCCCGGGUUCCC,Nc1c(S(=O)(=O)O)cc(Nc2ccc(Nc3nc(Cl)nc(Nc4ccccc4S(=O)(=O)O)n3)c(S(=O)(=O)O)c2)c2c1C(=O)c1ccccc1C2=O,0.9982394178403778,1,LLM_generated,Gemini_AptaBench
CCGGTTCGGCGGTTCGGCCGGTTGGCCGGTTGGCCGAAATTTGCGC,Nc1c(S(=O)(=O)O)cc(Nc2ccc(Nc3nc(Cl)nc(Nc4ccccc4S(=O)(=O)O)n3)c(S(=O)(=O)O)c2)c2c1C(=O)c1ccccc1C2=O,0.9972902289759058,1,LLM_generated,Gemini_AptaBench
GGGTTTGGGGTTTGGGGTTTGGGG,Nc1c(S(=O)(=O)O)cc(Nc2ccc(Nc3nc(Cl)nc(Nc4ccccc4S(=O)(=O)O)n3)c(S(=O)(=O)O)c2)c2c1C(=O)c1ccccc1C2=O,0.9968319647787531,1,LLM_generated,Gemini_AptaBench
GGUUCCCGGGAAAGGGCCCUUUAAAGGGCCCCGGGUUGGUUGGUUGG,Nc1c(S(=O)(=O)O)cc(Nc2ccc(Nc3nc(Cl)nc(Nc4ccccc4S(=O)(=O)O)n3)c(S(=O)(=O)O)c2)c2c1C(=O)c1ccccc1C2=O,0.9967923576243463,1,LLM_generated,Gemini_AptaBench
ACGTACGTACGTACGTACGTACGTACGTACGTACGTACGT,Nc1c(S(=O)(=O)O)cc(Nc2ccc(Nc3nc(Cl)nc(Nc4ccccc4S(=O)(=O)O)n3)c(S(=O)(=O)O)c2)c2c1C(=O)c1ccccc1C2=O,0.9966301306880458,1,LLM_generated,Gemini_AptaBench
ATGCGCATGCGCATGCGCATGCGCATGCGC,Nc1c(S(=O)(=O)O)cc(Nc2ccc(Nc3nc(Cl)nc(Nc4ccccc4S(=O)(=O)O)n3)c(S(=O)(=O)O)c2)c2c1C(=O)c1ccccc1C2=O,0.9957118272879247,1,LLM_generated,Gemini_AptaBench
GGGTCGGGTCGGGTCGGGTCGGGTCGGG,Nc1c(S(=O)(=O)O)cc(Nc2ccc(Nc3nc(Cl)nc(Nc4ccccc4S(=O)(=O)O)n3)c(S(=O)(=O)O)c2)c2c1C(=O)c1ccccc1C2=O,0.9952139853141516,1,LLM_generated,Gemini_AptaBench
TAGCTAGCGCGCATCGTAGCTAGCTAGCTAGCGCGCTAGCTAGCTAGCTAGCTAGC,Nc1c(S(=O)(=O)O)cc(Nc2ccc(Nc3nc(Cl)nc(Nc4ccccc4S(=O)(=O)O)n3)c(S(=O)(=O)O)c2)c2c1C(=O)c1ccccc1C2=O,0.9948096115959577,1,LLM_generated,Gemini_AptaBench
CCCCAAAAGGGGTTTTCCCCAAAAGGGGTTTTCCCC,Nc1c(S(=O)(=O)O)cc(Nc2ccc(Nc3nc(Cl)nc(Nc4ccccc4S(=O)(=O)O)n3)c(S(=O)(=O)O)c2)c2c1C(=O)c1ccccc1C2=O,0.9940179683790806,1,LLM_generated,Gemini_AptaBench
GGGAAGGGAAGAAACUGCGGCUUCGGCCGGCUUCCC,Nc1c(S(=O)(=O)O)cc(Nc2ccc(Nc3nc(Cl)nc(Nc4ccccc4S(=O)(=O)O)n3)c(S(=O)(=O)O)c2)c2c1C(=O)c1ccccc1C2=O,0.9920620241465857,1,LLM_generated,Gemini_AptaBench
GGGAAGGGUCGGGCUUCGGCCCUCAGCC,Nc1c(S(=O)(=O)O)cc(Nc2ccc(Nc3nc(Cl)nc(Nc4ccccc4S(=O)(=O)O)n3)c(S(=O)(=O)O)c2)c2c1C(=O)c1ccccc1C2=O,0.9912353738269439,1,LLM_generated,Gemini_AptaBench
AAAAGGGGUUUUCCCCAAAAAAAAGGGG,Nc1c(S(=O)(=O)O)cc(Nc2ccc(Nc3nc(Cl)nc(Nc4ccccc4S(=O)(=O)O)n3)c(S(=O)(=O)O)c2)c2c1C(=O)c1ccccc1C2=O,0.9903296060984537,1,LLM_generated,Gemini_AptaBench
GGGGTTTTGGGGTTTTGGGGTTTTGGGGTTTTGGGG,Nc1c(S(=O)(=O)O)cc(Nc2ccc(Nc3nc(Cl)nc(Nc4ccccc4S(=O)(=O)O)n3)c(S(=O)(=O)O)c2)c2c1C(=O)c1ccccc1C2=O,0.9868169393998798,1,LLM_generated,Gemini_AptaBench
CAAAAAAGGGGGCCCCCTTTTTTG,Nc1c(S(=O)(=O)O)cc(Nc2ccc(Nc3nc(Cl)nc(Nc4ccccc4S(=O)(=O)O)n3)c(S(=O)(=O)O)c2)c2c1C(=O)c1ccccc1C2=O,0.9858657782925399,1,LLM_generated,Gemini_AptaBench
ACCCGGGTTTCCCGGGTTTCCCGGGTTT,Nc1c(S(=O)(=O)O)cc(Nc2ccc(Nc3nc(Cl)nc(Nc4ccccc4S(=O)(=O)O)n3)c(S(=O)(=O)O)c2)c2c1C(=O)c1ccccc1C2=O,0.9855825975087892,1,LLM_generated,Gemini_AptaBench
ACCGGTTAACCGGTTAACCGGTTAACCGGTTA,Nc1c(S(=O)(=O)O)cc(Nc2ccc(Nc3nc(Cl)nc(Nc4ccccc4S(=O)(=O)O)n3)c(S(=O)(=O)O)c2)c2c1C(=O)c1ccccc1C2=O,0.9798140288892815,1,LLM_generated,Gemini_AptaBench
GGGGAGAATTCCCGCGGGGGGGGGGGGGGGGGGGGGG,Nc1c(S(=O)(=O)O)cc(Nc2ccc(Nc3nc(Cl)nc(Nc4ccccc4S(=O)(=O)O)n3)c(S(=O)(=O)O)c2)c2c1C(=O)c1ccccc1C2=O,0.979244459608971,1,LLM_generated,Gemini_AptaBench
GGGUCGUCGUCGUCGUCGUCGUCGUCGUCGUCGGG,Nc1c(S(=O)(=O)O)cc(Nc2ccc(Nc3nc(Cl)nc(Nc4ccccc4S(=O)(=O)O)n3)c(S(=O)(=O)O)c2)c2c1C(=O)c1ccccc1C2=O,0.978305746332521,1,LLM_generated,Gemini_AptaBench
AGCTAGCTAGCTAGCTAGCTAGCTAGCTAGC,Nc1c(S(=O)(=O)O)cc(Nc2ccc(Nc3nc(Cl)nc(Nc4ccccc4S(=O)(=O)O)n3)c(S(=O)(=O)O)c2)c2c1C(=O)c1ccccc1C2=O,0.9766402183767787,1,LLM_generated,Gemini_AptaBench
GGGAAGGAAGGAAGGAAGGAAGGAAGGAAGGAAGG,Nc1c(S(=O)(=O)O)cc(Nc2ccc(Nc3nc(Cl)nc(Nc4ccccc4S(=O)(=O)O)n3)c(S(=O)(=O)O)c2)c2c1C(=O)c1ccccc1C2=O,0.9728063726566,1,LLM_generated,Gemini_AptaBench
GGGAGAUUCCCGGCAGAGGCCUUGUUCUCUCUCUCG,Nc1c(S(=O)(=O)O)cc(Nc2ccc(Nc3nc(Cl)nc(Nc4ccccc4S(=O)(=O)O)n3)c(S(=O)(=O)O)c2)c2c1C(=O)c1ccccc1C2=O,0.9711902185870271,1,LLM_generated,Gemini_AptaBench
ACCGACCGTTGGCAGGTCGGTCGGTCGGT,Nc1c(S(=O)(=O)O)cc(Nc2ccc(Nc3nc(Cl)nc(Nc4ccccc4S(=O)(=O)O)n3)c(S(=O)(=O)O)c2)c2c1C(=O)c1ccccc1C2=O,0.969216756482625,1,LLM_generated,Gemini_AptaBench
UUUGGGUUUGGGUUUGGGUUUGGGUUUGGG,Nc1c(S(=O)(=O)O)cc(Nc2ccc(Nc3nc(Cl)nc(Nc4ccccc4S(=O)(=O)O)n3)c(S(=O)(=O)O)c2)c2c1C(=O)c1ccccc1C2=O,0.9666464001545313,1,LLM_generated,Gemini_AptaBench
GGGUUUUUGGGGUUUUUGGGGUUUUUGGGGUUUUUGGG,Nc1c(S(=O)(=O)O)cc(Nc2ccc(Nc3nc(Cl)nc(Nc4ccccc4S(=O)(=O)O)n3)c(S(=O)(=O)O)c2)c2c1C(=O)c1ccccc1C2=O,0.9645446076433299,1,LLM_generated,Gemini_AptaBench
CGCGCGCGCGCGCGCGCGCGCGCGCGCGCGCG,Nc1c(S(=O)(=O)O)cc(Nc2ccc(Nc3nc(Cl)nc(Nc4ccccc4S(=O)(=O)O)n3)c(S(=O)(=O)O)c2)c2c1C(=O)c1ccccc1C2=O,0.9617821866579134,1,LLM_generated,Gemini_AptaBench
CCCCGGGGAAAACCCCGGGGAAAACCCCGGGGAAAACCCC,Nc1c(S(=O)(=O)O)cc(Nc2ccc(Nc3nc(Cl)nc(Nc4ccccc4S(=O)(=O)O)n3)c(S(=O)(=O)O)c2)c2c1C(=O)c1ccccc1C2=O,0.9547663240719275,1,LLM_generated,Gemini_AptaBench
GGGGGTTTTTGGGGGTTTTTGGGGGTTTTTGGGGG,Nc1c(S(=O)(=O)O)cc(Nc2ccc(Nc3nc(Cl)nc(Nc4ccccc4S(=O)(=O)O)n3)c(S(=O)(=O)O)c2)c2c1C(=O)c1ccccc1C2=O,0.9448050526863482,1,LLM_generated,Gemini_AptaBench
TCCCGGGAAACCCGGGAAACCCGGGAAACCC,Nc1c(S(=O)(=O)O)cc(Nc2ccc(Nc3nc(Cl)nc(Nc4ccccc4S(=O)(=O)O)n3)c(S(=O)(=O)O)c2)c2c1C(=O)c1ccccc1C2=O,0.9428729638767405,1,LLM_generated,Gemini_AptaBench
CGTAGCTAGCTAGCTAGCTAGCTAGCTACG,Nc1c(S(=O)(=O)O)cc(Nc2ccc(Nc3nc(Cl)nc(Nc4ccccc4S(=O)(=O)O)n3)c(S(=O)(=O)O)c2)c2c1C(=O)c1ccccc1C2=O,0.93338016770168,1,LLM_generated,Gemini_AptaBench
GGGGGTTTTGGGGGTTTTGGGGGTTTTGGGGG,Nc1c(S(=O)(=O)O)cc(Nc2ccc(Nc3nc(Cl)nc(Nc4ccccc4S(=O)(=O)O)n3)c(S(=O)(=O)O)c2)c2c1C(=O)c1ccccc1C2=O,0.901771321594479,1,LLM_generated,Gemini_AptaBench
GGGAGGACGAUGCGGCAUUCGGCUUGCUGUUCGUCC,Nc1c(S(=O)(=O)O)cc(Nc2ccc(Nc3nc(Cl)nc(Nc4ccccc4S(=O)(=O)O)n3)c(S(=O)(=O)O)c2)c2c1C(=O)c1ccccc1C2=O,0.871917259557235,1,LLM_generated,Gemini_AptaBench
GGGAGAUUCGCGCCGAUUCGCGCCGAUUCGCGCCG,Nc1c(S(=O)(=O)O)cc(Nc2ccc(Nc3nc(Cl)nc(Nc4ccccc4S(=O)(=O)O)n3)c(S(=O)(=O)O)c2)c2c1C(=O)c1ccccc1C2=O,0.7034095107594125,1,LLM_generated,Gemini_AptaBench
GGGAGACUCGAGUAGCCUUCGGUUACCCGAGG,Nc1c(S(=O)(=O)O)cc(Nc2ccc(Nc3nc(Cl)nc(Nc4ccccc4S(=O)(=O)O)n3)c(S(=O)(=O)O)c2)c2c1C(=O)c1ccccc1C2=O,0.7025137792047873,1,LLM_generated,Gemini_AptaBench
GGGAGGACGAUGCGGGUUUUACCCCGGGUUUUACCCCGGUCC,Nc1c(S(=O)(=O)O)cc(Nc2ccc(Nc3nc(Cl)nc(Nc4ccccc4S(=O)(=O)O)n3)c(S(=O)(=O)O)c2)c2c1C(=O)c1ccccc1C2=O,0.7014260140724062,1,LLM_generated,Gemini_AptaBench
GGGAGAAUUCCCGGCUGCAGCGCCUCGGCAGC,Nc1c(S(=O)(=O)O)cc(Nc2ccc(Nc3nc(Cl)nc(Nc4ccccc4S(=O)(=O)O)n3)c(S(=O)(=O)O)c2)c2c1C(=O)c1ccccc1C2=O,0.6999677977869793,1,LLM_generated,Gemini_AptaBench
GGGAAAUUUCCCGGGAAAUUUCCC,Nc1c(S(=O)(=O)O)cc(Nc2ccc(Nc3nc(Cl)nc(Nc4ccccc4S(=O)(=O)O)n3)c(S(=O)(=O)O)c2)c2c1C(=O)c1ccccc1C2=O,0.6709379959417234,1,LLM_generated,Gemini_AptaBench
GGGAGAAUUCGACCAUUCGACCAUUCGACCAGGCUU,Nc1c(S(=O)(=O)O)cc(Nc2ccc(Nc3nc(Cl)nc(Nc4ccccc4S(=O)(=O)O)n3)c(S(=O)(=O)O)c2)c2c1C(=O)c1ccccc1C2=O,0.6680281967133008,1,LLM_generated,Gemini_AptaBench
TTTAAACCCGGGAAATTTCCCGGGAAATTTCCCGGG,Nc1c(S(=O)(=O)O)cc(Nc2ccc(Nc3nc(Cl)nc(Nc4ccccc4S(=O)(=O)O)n3)c(S(=O)(=O)O)c2)c2c1C(=O)c1ccccc1C2=O,0.648928641535656,1,LLM_generated,Gemini_AptaBench
GGGAGAAUUCCCGGCGCUCGGCCUCAGCCU,Nc1c(S(=O)(=O)O)cc(Nc2ccc(Nc3nc(Cl)nc(Nc4ccccc4S(=O)(=O)O)n3)c(S(=O)(=O)O)c2)c2c1C(=O)c1ccccc1C2=O,0.5864110269412744,1,LLM_generated,Gemini_AptaBench
GGGAAAUUUCCCGGGAAAUUUCCCGGGAAAUUUCCCGGG,Nc1c(S(=O)(=O)O)cc(Nc2ccc(Nc3nc(Cl)nc(Nc4ccccc4S(=O)(=O)O)n3)c(S(=O)(=O)O)c2)c2c1C(=O)c1ccccc1C2=O,0.5743046941646376,1,LLM_generated,Gemini_AptaBench
GGGAGUCCCGGGCUUCGGCCGGCUUCCCGGGAAGAAACUGCGGCUUCGGCC,Nc1c(S(=O)(=O)O)cc(Nc2ccc(Nc3nc(Cl)nc(Nc4ccccc4S(=O)(=O)O)n3)c(S(=O)(=O)O)c2)c2c1C(=O)c1ccccc1C2=O,0.5025029444343513,1,LLM_generated,Gemini_AptaBench
TATATATACGCGCGCGCTATATATATACGCGCGCGC,Nc1c(S(=O)(=O)O)cc(Nc2ccc(Nc3nc(Cl)nc(Nc4ccccc4S(=O)(=O)O)n3)c(S(=O)(=O)O)c2)c2c1C(=O)c1ccccc1C2=O,0.29022025327973866,0,LLM_generated,Gemini_AptaBench
