sequence,canonical_smiles,label,origin,source,length,gc_fraction,shannon_entropy,proba_new_model
ATACCAGCTTATTCAATTGGGGGGTAGGGGGGTTGGGGGGTAGGGGGGTACCAGCTTATTCAATT,Nc1c(S(=O)(=O)O)cc(Nc2ccc(Nc3nc(Cl)nc(Nc4ccccc4S(=O)(=O)O)n3)c(S(=O)(=O)O)c2)c2c1C(=O)c1ccccc1C2=O,1,LLM_generated,Gemini_AptaBench,65,0.5230769230769231,1.8781247509751586,0.9993025967788494
GGGTGGGGAGTGGGGGGGTGGGGTGGGG,Nc1c(S(=O)(=O)O)cc(Nc2ccc(Nc3nc(Cl)nc(Nc4ccccc4S(=O)(=O)O)n3)c(S(=O)(=O)O)c2)c2c1C(=O)c1ccccc1C2=O,1,LLM_generated,Gemini_AptaBench,28,0.8214285714285714,0.8058576010107721,0.9988732319442942
TAGCTAGCGCATCGATCGTACGTAGCTAGCTAGCTAGCGCTAGCTAGCATCGATCGTACGTAGCTAGCTAGCTAGC,Nc1c(S(=O)(=O)O)cc(Nc2ccc(Nc3nc(Cl)nc(Nc4ccccc4S(=O)(=O)O)n3)c(S(=O)(=O)O)c2)c2c1C(=O)c1ccccc1C2=O,1,LLM_generated,Gemini_AptaBench,76,0.5263157894736842,1.9980008838722993,0.995775462008408
CCCGACGTCGACGTCGACGTCGACGTCGACGTCGACCC,Nc1c(S(=O)(=O)O)cc(Nc2ccc(Nc3nc(Cl)nc(Nc4ccccc4S(=O)(=O)O)n3)c(S(=O)(=O)O)c2)c2c1C(=O)c1ccccc1C2=O,1,LLM_generated,Gemini_AptaBench,38,0.7105263157894737,1.8486337428179533,0.9880674066130896
ATGCATGCGGGTGGGTGGGTGGGTGGGTGGGCATGCATGC,Nc1c(S(=O)(=O)O)cc(Nc2ccc(Nc3nc(Cl)nc(Nc4ccccc4S(=O)(=O)O)n3)c(S(=O)(=O)O)c2)c2c1C(=O)c1ccccc1C2=O,1,LLM_generated,Gemini_AptaBench,40,0.675,1.6657665674514082,0.8515778252288762
GGGGCGGGCGGGGCGGGCGGGTTTAAACCCGGG,Nc1c(S(=O)(=O)O)cc(Nc2ccc(Nc3nc(Cl)nc(Nc4ccccc4S(=O)(=O)O)n3)c(S(=O)(=O)O)c2)c2c1C(=O)c1ccccc1C2=O,1,LLM_generated,Gemini_AptaBench,33,0.8181818181818182,1.5413692297682289,0.9639293058876076
AGCCAGCCAGCCGTCGTCGTCAGCCAGCCAGCCGTCGTCGTC,Nc1c(S(=O)(=O)O)cc(Nc2ccc(Nc3nc(Cl)nc(Nc4ccccc4S(=O)(=O)O)n3)c(S(=O)(=O)O)c2)c2c1C(=O)c1ccccc1C2=O,1,LLM_generated,Gemini_AptaBench,42,0.7142857142857143,1.8423709931771084,0.973041953903755
CAGTCCGTAGTACGGCATCGTACGTACGTCAGTCCGTAGTACGGCATCGTACG,Nc1c(S(=O)(=O)O)cc(Nc2ccc(Nc3nc(Cl)nc(Nc4ccccc4S(=O)(=O)O)n3)c(S(=O)(=O)O)c2)c2c1C(=O)c1ccccc1C2=O,1,LLM_generated,Gemini_AptaBench,53,0.5660377358490566,1.9867880832062237,0.9894325086537643
GGGTGGGTGGGTGGGTGGGTTTTTGGGTGGGTGGGTGGGTGGG,Nc1c(S(=O)(=O)O)cc(Nc2ccc(Nc3nc(Cl)nc(Nc4ccccc4S(=O)(=O)O)n3)c(S(=O)(=O)O)c2)c2c1C(=O)c1ccccc1C2=O,1,LLM_generated,Gemini_AptaBench,43,0.6976744186046512,0.8841151220488479,0.9860391864964665
